"fixed.acidity","volatile.acidity","citric.acid","residual.sugar","chlorides","free.sulfur.dioxide","total.sulfur.dioxide","density","pH","sulphates","alcohol","quality"
7.3,0.27,0.3,1.3,0.04,26,84,0.99222,3.28,0.53,10.7,6
6.4,0.33,0.31,5.5,0.048,42,173,0.9951,3.19,0.66,9.3,6
6.6,0.23,0.27,5.6,0.043,43,164,0.9953,3.27,0.76,9.5,5
7.8,0.27,0.33,2.4,0.053,36,175,0.992,3.2,0.55,11,6
6.6,0.36,0.28,6.1,0.029,12,93,0.99054,3.19,0.27,12.8,7
7.2,0.22,0.49,1,0.045,34,140,0.99,3.05,0.34,12.7,6
7.6,0.28,0.17,1.6,0.046,28,117,0.99288,3.08,0.43,10,5
6.8,0.22,0.37,15.2,0.051,68,178,0.99935,3.4,0.85,9.3,6
6.9,0.28,0.3,1.6,0.047,46,132,0.9918,3.35,0.38,11.1,7
6.5,0.33,0.38,2.5,0.047,30,148,0.98964,3.17,0.43,12.7,6
6.6,0.5,0.26,11.3,0.029,32,110,0.99302,3.27,0.78,12.9,8
6.4,0.37,0.49,13.3,0.045,53,243,0.9982,3.14,0.48,8.5,6
6.2,0.16,0.32,1.1,0.036,74,184,0.99096,3.22,0.41,11,6
7.8,0.34,0.27,1.2,0.04,25,106,0.9932,3.01,0.55,10.4,5
7,0.23,0.32,1.8,0.048,25,113,0.9915,3.11,0.47,11.1,6
6.9,0.38,0.28,8.3,0.062,22,166,0.99506,3.16,0.72,10.6,5
7.5,0.26,0.31,1.6,0.032,36,109,0.99044,2.97,0.43,11.9,6
7.1,0.27,0.31,18.2,0.046,55,252,1,3.07,0.56,8.7,5
7.3,0.25,0.41,1.8,0.037,52,165,0.9911,3.29,0.39,12.2,7
7.4,0.19,0.49,9.3,0.03,26,132,0.994,2.99,0.32,11,7
7.3,0.19,0.25,1.4,0.051,41,107,0.99382,3.53,0.66,10.5,7
6.6,0.34,0.18,6.4,0.082,47,240,0.9971,3.42,0.48,9.2,5
6.6,0.32,0.36,8,0.047,57,168,0.9949,3.15,0.46,9.6,5
7.1,0.14,0.4,1.2,0.051,55,136,0.9932,3.3,0.96,9.8,7
6.6,0.35,0.34,4.9,0.032,9,125,0.99253,3.32,0.81,12,5
6.6,0.36,0.47,1.4,0.145,26,124,0.99274,3.09,0.56,10.1,6
5.8,0.34,0.21,6.6,0.04,50,167,0.9941,3.29,0.62,10,5
6.5,0.25,0.27,15.2,0.049,75,217,0.9972,3.19,0.39,9.9,5
6.3,0.36,0.3,4.8,0.049,14,85,0.9932,3.28,0.39,10.6,5
6.4,0.5,0.2,2.4,0.059,19,112,0.99314,3.18,0.4,9.2,6
8.5,0.32,0.36,14.9,0.041,47,190,0.9982,3.08,0.31,10,6
7.1,0.17,0.31,1.6,0.037,15,103,0.991,3.14,0.5,12,6
8.4,0.23,0.32,1.3,0.048,59,113,0.99178,3.1,0.55,11,6
7.1,0.27,0.28,1.25,0.023,3,89,0.98993,2.95,0.3,11.4,4
5.9,0.23,0.28,8.6,0.046,37,142,0.99432,3.23,0.53,10.6,6
8.4,0.2,0.38,11.8,0.055,51,170,1.0004,3.34,0.82,8.9,6
6.7,0.23,0.39,2.5,0.172,63,158,0.9937,3.11,0.36,9.4,6
5.7,0.26,0.24,17.8,0.059,23,124,0.99773,3.3,0.5,10.1,5
6.8,0.63,0.04,1.3,0.058,25,133,0.99271,3.17,0.39,10.2,4
6.9,0.31,0.33,12.7,0.038,33,116,0.9954,3.04,0.65,10.4,6
6.1,0.17,0.42,15.1,0.033,28,124,0.99684,2.87,0.47,9.5,5
6.9,0.25,0.24,1.8,0.053,6,121,0.993,3.23,0.7,11.4,5
6.3,0.36,0.5,8.3,0.053,51,202,0.9955,3.2,0.51,9.6,6
5.9,0.37,0.1,1.6,0.057,39,128,0.9924,3.24,0.48,10.1,5
7.8,0.31,0.4,1.6,0.027,20,87,0.9911,3.15,0.48,11.9,6
5.6,0.295,0.2,2.2,0.049,18,134,0.99378,3.21,0.68,10,5
8.7,0.34,0.46,13.8,0.055,68,198,0.9988,3.36,0.37,9.5,6
8.5,0.23,0.28,11.1,0.033,30,97,0.99507,3.03,0.39,10.5,7
7.6,0.24,0.44,3.8,0.037,49,146,0.9911,3.06,0.37,11.6,6
7,0.32,0.29,7.6,0.025,35,124,0.99162,3.15,0.65,12.8,7
8.1,0.24,0.32,10.5,0.03,34,105,0.99407,3.11,0.42,11.8,6
6.4,0.35,0.28,1.6,0.037,31,113,0.98779,3.12,0.4,14.2,7
7.5,0.42,0.45,9.1,0.029,20,125,0.996,3.12,0.36,10.1,6
8,0.59,0.71,17.35,0.038,61,228,1,2.95,0.75,9.3,5
6.7,0.24,0.46,2.2,0.033,19,111,0.99045,3.1,0.62,11.9,6
6.2,0.34,0.29,7.6,0.047,45,232,0.9955,3.35,0.62,10,6
7.6,0.21,0.44,1.9,0.036,10,119,0.9913,3.01,0.7,12.8,6
6.9,0.22,0.32,9.3,0.04,22,110,0.9958,3.34,0.54,10.7,7
6.6,0.15,0.32,6,0.033,59,128,0.99192,3.19,0.71,12.1,8
7,0.22,0.26,2.8,0.036,44,132,0.99078,3.34,0.41,12,7
5.8,0.23,0.2,2,0.043,39,154,0.99226,3.21,0.39,10.2,6
5.7,0.14,0.3,5.4,0.045,26,105,0.99469,3.32,0.45,9.3,5
5.8,0.28,0.34,4,0.031,40,99,0.9896,3.39,0.39,12.8,7
6.8,0.11,0.42,1.1,0.042,51,132,0.99059,3.18,0.74,11.3,7
7,0.25,0.32,9,0.046,56,245,0.9955,3.25,0.5,10.4,6
7.2,0.24,0.34,1.1,0.045,3,64,0.9913,3.23,0.51,11.4,5
7.6,0.37,0.51,11.7,0.094,58,181,0.99776,2.91,0.51,9,5
5.9,0.24,0.26,12.3,0.053,34,134,0.9972,3.34,0.45,9.5,6
8.5,0.15,0.49,1.5,0.031,17,122,0.9932,3.03,0.4,10.3,6
4.9,0.235,0.27,11.75,0.03,34,118,0.9954,3.07,0.5,9.4,6
7.4,0.16,0.49,1.2,0.055,18,150,0.9917,3.23,0.47,11.2,6
6.8,0.22,0.24,4.9,0.092,30,123,0.9951,3.03,0.46,8.6,6
7.4,0.28,0.36,1.1,0.028,42,105,0.9893,2.99,0.39,12.4,7
8.9,0.21,0.37,1.2,0.028,20,93,0.99244,3.2,0.37,11.5,5
5.8,0.13,0.22,12.7,0.058,24,183,0.9956,3.32,0.42,11.7,6
6,0.27,0.3,14.7,0.044,15,144,0.99666,3.12,0.53,10.3,6
7.4,0.2,0.37,1.2,0.028,28,89,0.99132,3.14,0.61,11.8,6
7.5,0.26,0.59,11.8,0.046,58,164,0.99814,3.17,0.46,8.9,4
5.3,0.2,0.31,3.6,0.036,22,91,0.99278,3.41,0.5,9.8,6
5.9,0.28,0.39,1.4,0.031,47,147,0.98836,3.08,0.64,12.9,7
7,0.39,0.21,10.7,0.098,13,91,0.99657,3.03,0.47,9.3,5
8.1,0.24,0.26,11,0.043,41,211,0.99676,3.11,0.49,10,6
6.6,0.28,0.36,1.7,0.038,22,101,0.9912,3.29,0.57,11.6,6
7.2,0.19,0.27,11.2,0.061,46,149,0.99772,2.99,0.59,9.3,6
7.4,0.2,0.31,1.6,0.038,34,116,0.9912,3.25,0.39,12,7
6.8,0.17,0.35,1.8,0.04,29,84,0.98961,2.91,0.57,12,7
6.1,0.3,0.56,2.8,0.044,47,179,0.9924,3.3,0.57,10.9,7
6.7,0.13,0.32,3.7,0.017,32,99,0.99348,3.12,0.44,10,6
6.7,0.22,0.22,1.2,0.038,5,124,0.99098,3.1,0.37,11.2,4
6.3,0.24,0.55,8.1,0.04,67,216,0.99596,3.24,0.5,9.2,5
7.6,0.15,0.4,1.3,0.036,24,112,0.9932,3.14,0.76,10,5
6.5,0.27,0.4,10,0.039,74,227,0.99582,3.18,0.5,9.4,5
10.3,0.25,0.48,2.2,0.042,28,164,0.998,3.19,0.59,9.7,5
6.6,0.17,0.35,2.6,0.03,33,78,0.99146,3.22,0.72,11.3,6
7.5,0.33,0.48,19.45,0.048,55,243,1.001,2.95,0.4,8.8,5
7.8,0.3,0.37,1.3,0.051,16,96,0.9941,3.32,0.62,10,5
7,0.35,0.17,1.1,0.049,7,119,0.99297,3.13,0.36,9.7,6
6.2,0.34,0.25,12.1,0.059,33,171,0.99769,3.14,0.56,8.7,6
7,0.29,0.26,1.6,0.044,12,87,0.9923,3.08,0.46,10.5,6
7.2,0.32,0.4,8.7,0.038,45,154,0.99568,3.2,0.47,10.4,6
6.3,0.29,0.23,14.2,0.037,24,99,0.99528,3.08,0.38,10.6,6
7.6,0.47,0.49,13,0.239,42,220,0.9988,2.96,0.51,9.2,5
6.1,0.36,0.33,1.1,0.05,24,169,0.9927,3.15,0.78,9.5,6
7.1,0.34,0.15,1.2,0.053,61,183,0.9936,3.09,0.43,9.2,5
8,0.37,0.31,4.7,0.038,3,127,0.99186,2.9,0.72,12.1,5
6.6,0.25,0.35,2.9,0.034,38,121,0.99008,3.19,0.4,12.8,6
6.7,0.265,0.22,8.6,0.048,54,198,0.9955,3.25,0.41,10.2,5
7.7,0.26,0.34,6.4,0.05,36,163,0.9937,3.19,0.7,11.5,6
7.4,0.44,0.2,11.5,0.049,44,157,0.998,3.27,0.44,9,5
5.6,0.255,0.57,10.7,0.056,66,171,0.99464,3.25,0.61,10.4,7
6.8,0.31,0.3,8,0.028,33,122,0.99164,3.13,0.63,12.6,7
6.8,0.11,0.27,8.6,0.044,45,104,0.99454,3.2,0.37,9.9,6
5.9,0.24,0.34,2,0.037,40,108,0.98948,3.19,0.5,12.3,6
7.2,0.35,0.25,5.6,0.032,23,120,0.99334,2.93,0.66,10.3,7
4.9,0.47,0.17,1.9,0.035,60,148,0.98964,3.27,0.35,11.5,6
7.1,0.33,0.25,1.6,0.03,25,126,0.9901,3.22,0.34,12.1,7
7.8,0.27,0.34,1.6,0.046,27,154,0.9927,3.05,0.45,10.5,6
6.8,0.34,0.44,6.6,0.052,28,156,0.9955,3.14,0.41,9.6,5
6.8,0.27,0.42,7.3,0.054,58,200,0.99556,3.12,0.49,9.4,6
5,0.255,0.22,2.7,0.043,46,153,0.99238,3.75,0.76,11.3,6
4.7,0.785,0,3.4,0.036,23,134,0.98981,3.53,0.92,13.8,6
7.8,0.3,0.4,1.8,0.028,23,122,0.9914,3.14,0.39,10.9,7
7.7,0.24,0.31,1.3,0.047,33,106,0.993,3.22,0.55,10.8,6
6.1,0.22,0.23,3.1,0.052,15,104,0.9948,3.14,0.42,8.7,5
6.2,0.3,0.2,6.6,0.045,42,170,0.9944,3.36,0.45,10.4,6
6.4,0.32,0.5,10.7,0.047,57,206,0.9968,3.08,0.6,9.4,5
7.3,0.23,0.37,1.9,0.041,51,165,0.9908,3.26,0.4,12.2,8
6,0.19,0.26,1.4,0.039,30,104,0.98998,3.32,0.41,12.4,6
6.8,0.19,0.23,5.1,0.034,71,204,0.9942,3.23,0.69,10.1,5
6.5,0.35,0.38,7.4,0.036,20,196,0.99712,3.47,0.48,9.1,6
6.8,0.37,0.47,11.2,0.071,44,136,0.9968,2.98,0.88,9.2,5
6.1,0.41,0.2,12.6,0.032,54,136,0.99516,2.91,0.43,10.6,6
5.7,0.36,0.21,6.7,0.038,51,166,0.9941,3.29,0.63,10,6
7,0.24,0.3,12.3,0.035,72,172,0.9954,2.99,0.57,10.4,6
9.5,0.42,0.41,2.3,0.034,22,145,0.9951,3.06,0.52,11,6
6.5,0.28,0.25,4.8,0.029,54,128,0.99074,3.17,0.44,12.2,7
6.9,0.18,0.33,1,0.054,24,164,0.9926,3.42,0.51,10.5,5
6.6,0.25,0.33,8.5,0.042,29,141,0.99546,3.28,0.6,10.4,5
5.2,0.22,0.46,6.2,0.066,41,187,0.99362,3.19,0.42,9.7333333333,5
6.3,0.27,0.18,7.7,0.048,45,186,0.9962,3.23,0.47,9,5
6.7,0.22,0.33,1.2,0.036,36,86,0.99058,3.1,0.76,11.4,6
7,0.23,0.26,7.2,0.041,21,90,0.99509,3.22,0.55,9.5,6
7.6,0.26,0.47,1.6,0.068,5,55,0.9944,3.1,0.45,9.6,5
7.5,0.27,0.31,17.7,0.051,33,173,0.999,3.09,0.64,10.2,5
6.6,0.32,0.24,1.3,0.06,42.5,204,0.99512,3.59,0.51,9.2,5
5.8,0.29,0.33,3.7,0.029,30,88,0.98994,3.25,0.42,12.3,6
6,0.27,0.32,3.6,0.035,36,133,0.99215,3.23,0.46,10.8,6
7.1,0.26,0.31,2.2,0.044,29,128,0.9937,3.34,0.64,10.9,8
6.4,0.28,0.56,1.7,0.156,49,106,0.99354,3.1,0.37,9.2,6
8.1,0.33,0.22,5.2,0.047,24,151,0.99527,3.22,0.47,10.3,5
6.3,0.15,0.3,1.4,0.022,38,100,0.99099,3.42,0.57,11.4,7
8.4,0.35,0.71,12.2,0.046,22,160,0.9982,2.98,0.65,9.4,5
6.9,0.33,0.31,7.7,0.04,29,135,0.99226,3.11,0.57,12.3,5
6.8,0.44,0.37,5.1,0.047,46,201,0.9938,3.08,0.65,10.5,4
6.8,0.18,0.28,9.8,0.039,29,113,0.99406,3.11,0.45,10.9,7
7.7,0.35,0.49,8.65,0.033,42,186,0.9931,3.14,0.38,12.4,8
6.6,0.31,0.49,7.7,0.05,52,220,0.9964,3.12,0.45,8.8,5
5.6,0.49,0.13,4.5,0.039,17,116,0.9907,3.42,0.9,13.7,7
5.1,0.33,0.22,1.6,0.027,18,89,0.9893,3.51,0.38,12.5,7
7.6,0.3,0.27,10.6,0.039,31,119,0.99815,3.27,0.3,9.3,6
6.9,0.25,0.35,9.2,0.034,42,150,0.9947,3.21,0.36,11.5,6
6.4,0.3,0.33,5.2,0.05,30,137,0.99304,3.26,0.58,11.1,5
5.9,0.32,0.26,1.5,0.057,17,141,0.9917,3.24,0.36,10.7,5
6.6,0.13,0.3,4.9,0.058,47,131,0.9946,3.51,0.45,10.3,6
8.8,0.2,0.43,15,0.053,60,184,1.0008,3.28,0.79,8.8,6
5.1,0.31,0.3,0.9,0.037,28,152,0.992,3.54,0.56,10.1,6
6.9,0.32,0.15,8.1,0.046,51,180,0.9958,3.13,0.45,8.9,5
7.4,0.4,0.41,14.1,0.053,37,194,0.99886,3.2,0.63,9.4,6
6.5,0.29,0.3,9.15,0.051,25,166,0.99339,3.24,0.56,11.35,6
8.2,0.27,0.43,1.6,0.035,31,128,0.9916,3.1,0.5,12.3,6
7.6,0.33,0.41,13.7,0.045,44,197,0.9989,3.18,0.64,9.1,5
7.6,0.29,0.42,1.3,0.035,18,86,0.9908,2.99,0.39,11.3,5
6.4,0.24,0.23,2,0.046,30,133,0.9908,3.12,0.54,11.4,7
6.6,0.21,0.36,0.8,0.034,48,113,0.99165,3.24,0.68,10.5,6
6.9,0.32,0.3,1.8,0.036,28,117,0.99269,3.24,0.48,11,6
6.3,0.3,0.91,8.2,0.034,50,199,0.99394,3.39,0.49,11.7,6
6.3,0.13,0.42,1.1,0.043,63,146,0.99066,3.13,0.72,11.2,7
5.8,0.18,0.37,1.2,0.036,19,74,0.98853,3.09,0.49,12.7,7
6.7,0.27,0.3,13.9,0.029,34,131,0.9953,3.36,0.5,12,7
5.6,0.15,0.31,5.3,0.038,8,79,0.9923,3.3,0.39,10.5,6
6.6,0.28,0.23,10.4,0.049,45,190,0.99754,3.12,0.51,8.8,5
7.1,0.26,0.29,12.4,0.044,62,240,0.9969,3.04,0.42,9.2,6
6.5,0.16,0.34,1.4,0.029,29,133,0.99108,3.33,0.64,11.5,7
7.4,0.23,0.38,8.6,0.052,41,150,0.99534,3.06,0.46,10.3,5
6.6,0.16,0.36,1.1,0.031,27,93,0.98884,3.23,0.34,13.2,8
8,0.33,0.32,4.6,0.041,31,180,0.99184,2.92,0.74,12.2,6
7.9,0.35,0.24,15.6,0.072,44,229,0.99785,3.03,0.59,10.5,6
5.8,0.18,0.37,1.1,0.036,31,96,0.98942,3.16,0.48,12,6
5.1,0.39,0.21,1.7,0.027,15,72,0.9894,3.5,0.45,12.5,6
6.1,0.16,0.34,6.1,0.034,31,114,0.99365,3.32,0.58,10.1333333333,7
8.3,0.19,0.49,1.2,0.051,11,137,0.9918,3.06,0.46,11,6
4.7,0.455,0.18,1.9,0.036,33,106,0.98746,3.21,0.83,14,7
6.8,0.21,0.37,7,0.038,27,107,0.99206,2.98,0.82,11.5,6
6.9,0.25,0.35,1.3,0.039,29,191,0.9908,3.13,0.52,11,6
6.6,0.28,0.42,8.2,0.044,60,196,0.99562,3.14,0.48,9.4,5
6.7,0.33,0.49,1.6,0.167,20,94,0.9914,3.11,0.5,11.4,6
9.2,0.35,0.39,0.9,0.042,15,61,0.9924,2.96,0.28,10.4,4
6.4,0.23,0.35,4.6,0.039,43,147,0.99216,3.18,0.4,11,7
6.8,0.17,0.36,1.4,0.036,38,108,0.99006,3.19,0.66,12,6
5.7,0.28,0.35,1.2,0.052,39,141,0.99108,3.44,0.69,11.3,6
5.8,0.15,0.31,5.9,0.036,7,73,0.99152,3.2,0.43,11.9,6
6.9,0.32,0.26,8.3,0.053,32,180,0.9965,3.25,0.51,9.2,6
9.2,0.34,0.27,1.2,0.026,17,73,0.9921,3.08,0.39,10.8,5
6.1,0.28,0.3,7.75,0.031,33,139,0.99296,3.22,0.46,11,6
7,0.36,0.32,10.5,0.045,35,135,0.9935,3.09,0.33,11.6,8
6,0.32,0.3,1.3,0.025,18,112,0.98802,3.07,0.64,13.3,7
6.7,0.24,0.32,10.3,0.079,37,122,0.99662,3.02,0.45,8.8,5
6.5,0.19,0.28,1.4,0.046,22,90,0.99038,3.18,0.51,11.7,7
6.4,0.3,0.38,7.8,0.046,35,192,0.9955,3.1,0.37,9,5
6.8,0.32,0.33,0.7,0.027,15,66,0.9899,3.11,0.31,11.8,6
7.5,0.35,0.28,9.6,0.051,26,157,0.9969,3.12,0.53,9.2,6
6.2,0.34,0.3,11.1,0.047,28,237,0.9981,3.18,0.49,8.7,5
6.5,0.26,0.5,8,0.051,46,197,0.99536,3.18,0.47,9.5,5
7.3,0.36,0.34,14.8,0.057,46,173,0.99751,3.14,0.57,10.2,5
6.4,0.27,0.3,1.6,0.04,19,86,0.99089,3.32,0.65,11.5,6
9.2,0.19,0.42,2,0.047,16,104,0.99517,3.09,0.66,10,4
8,0.27,0.57,10.4,0.053,18,134,0.99732,3.12,0.68,9,5
7.6,0.27,0.42,2.6,0.044,29,110,0.9912,3.31,0.51,12.7,6
8.8,0.39,0.34,5.9,0.055,33,128,0.9927,2.95,0.51,11.8,6
6.4,0.28,0.17,8.3,0.042,61,195,0.99577,3.22,0.46,9.4,5
6.2,0.21,0.18,11.6,0.044,61,155,0.99655,3.14,0.52,9.4,6
6.6,0.32,0.26,4.6,0.031,26,120,0.99198,3.4,0.73,12.5,7
6.4,0.13,0.47,1.6,0.092,40,158,0.9928,3.21,0.36,9.8,6
7.7,0.38,0.4,2,0.038,28,152,0.9906,3.18,0.32,12.9,6
7,0.36,0.35,2.5,0.048,67,161,0.99146,3.05,0.56,11.1,6
7.8,0.28,0.32,9,0.036,34,115,0.9952,3.17,0.39,10.3,7
5.2,0.335,0.2,1.7,0.033,17,74,0.99002,3.34,0.48,12.3,6
7.2,0.23,0.38,6.1,0.067,20,90,0.99496,3.17,0.79,9.7,5
6.6,0.325,0.49,7.7,0.049,53,217,0.996,3.16,0.4,9.3,5
6.9,0.49,0.24,1.2,0.049,13,125,0.9932,3.17,0.51,9.4,5
6.3,0.16,0.4,1.6,0.033,59,148,0.9914,3.44,0.53,11.4,5
7.3,0.41,0.24,6.8,0.057,41,163,0.9949,3.2,0.41,9.9,6
6.7,0.43,0.23,5,0.157,49,145,0.99471,3.17,0.49,9.4,5
6.3,0.23,0.22,17.45,0.054,42,151,0.99853,3.12,0.6,9.3,6
6.6,0.17,0.3,1.1,0.031,13,73,0.99095,3.17,0.58,11,6
7.8,0.24,0.38,2.1,0.058,14,167,0.994,3.21,0.55,9.9,5
7,0.15,0.38,15.3,0.045,54,120,0.9975,3.18,0.42,9.8,6
6.8,0.18,0.32,7.2,0.047,17,109,0.99498,3.42,0.44,10.4,6
7.5,0.17,0.32,1.7,0.04,51,148,0.9916,3.21,0.44,11.5,7
7.4,0.2,0.33,1.9,0.035,39,138,0.991,3.17,0.44,11.7,7
6.9,0.18,0.36,1.3,0.036,40,117,0.9934,3.27,0.95,9.5,7
5.6,0.185,0.19,7.1,0.048,36,110,0.99438,3.26,0.41,9.5,6
5.6,0.41,0.24,1.9,0.034,10,53,0.98815,3.32,0.5,13.5,7
7.8,0.27,0.28,1.8,0.05,21,127,0.9934,3.15,0.44,9.9,5
7.6,0.39,0.46,11.7,0.084,55,170,0.99773,2.91,0.51,9,5
5.7,0.22,0.22,16.65,0.044,39,110,0.99855,3.24,0.48,9,6
6.9,0.24,0.34,4.7,0.04,43,161,0.9935,3.2,0.59,10.6,6
8.2,0.26,0.44,1.3,0.046,7,69,0.9944,3.14,0.62,10.2,4
6.6,0.24,0.3,11.3,0.026,11,77,0.99381,3.13,0.55,12.8,7
7,0.27,0.48,6.1,0.042,60,184,0.99566,3.2,0.5,9.4,6
6.4,0.33,0.28,4,0.04,24,81,0.9903,3.26,0.64,12.6,7
6.6,0.33,0.32,15.6,0.054,62,227,0.99734,3.25,0.56,10.4,5
6.9,0.17,0.25,1.6,0.047,34,132,0.9914,3.16,0.48,11.4,5
6.6,0.28,0.28,8.5,0.052,55,211,0.9962,3.09,0.55,8.9,6
8,0.55,0.42,12.6,0.211,37,213,0.9988,2.99,0.56,9.3,5
6.3,0.24,0.35,2.3,0.039,43,109,0.99056,3.34,0.44,11.8,6
7.6,0.48,0.31,9.4,0.046,6,194,0.99714,3.07,0.61,9.4,5
8.4,0.2,0.27,6.3,0.048,30,143,0.9966,3.25,0.5,9.1,6
5.9,0.25,0.19,12.4,0.047,50,162,0.9973,3.35,0.38,9.5,5
6,0.32,0.3,1.9,0.033,41,142,0.98912,3.29,0.42,12.8,7
6.9,0.36,0.35,8.6,0.038,37,125,0.9916,3,0.32,12.4,8
6,0.32,0.3,7.3,0.174,46,159,0.99519,3.18,0.49,9.4,5
6.4,0.24,0.29,1,0.038,18,122,0.9906,3.3,0.42,11.5,5
6,0.29,0.21,15.55,0.043,20,142,0.99658,3.11,0.54,10.1,6
5.1,0.33,0.27,6.7,0.022,44,129,0.99221,3.36,0.39,11,7
7.3,0.49,0.32,5.2,0.043,18,104,0.9952,3.24,0.45,10.7,4
5.7,0.16,0.32,1.2,0.036,7,89,0.99111,3.26,0.48,11,5
7.6,0.36,0.44,8.3,0.255,28,142,0.9958,3.12,0.43,10.2,6
6.9,0.28,0.3,8.3,0.026,37,113,0.99139,2.99,0.38,12.3,8
6.8,0.26,0.24,7.8,0.052,54,214,0.9961,3.13,0.47,8.9,5
5.5,0.16,0.31,1.2,0.026,31,68,0.9898,3.33,0.44,11.65,6
8.2,0.23,0.4,7.5,0.049,12,76,0.9966,3.06,0.84,9.7,6
6.3,0.34,0.27,2.5,0.024,40,152,0.99095,3.35,0.6,11.9,7
6.8,0.22,0.26,1.2,0.041,29,182,0.99104,3.04,0.35,11.2,5
6.8,0.23,0.32,8.6,0.046,47,159,0.99452,3.08,0.52,10.5,6
6.9,0.2,0.37,6.2,0.027,24,97,0.992,3.38,0.49,12.2,7
7.4,0.27,0.28,1.8,0.04,45,121,0.99043,3.02,0.4,11.9,5
6.7,0.24,0.36,8.4,0.042,42,123,0.99473,3.34,0.52,10.9,6
8,0.27,0.25,19.1,0.045,50,208,1.00051,3.05,0.5,9.2,6
6.4,0.32,0.23,16.2,0.055,36,176,0.9986,3.26,0.54,9.1,5
6.8,0.19,0.33,4.9,0.047,42,130,0.99283,3.12,0.56,11,6
7.7,0.28,0.33,6.7,0.037,32,155,0.9951,3.39,0.62,10.7,7
6.8,0.26,0.22,7.7,0.047,57,210,0.9959,3.1,0.47,9,5
7.1,0.25,0.3,2.4,0.042,25,122,0.994,3.43,0.61,10.5,6
8.1,0.19,0.58,16.65,0.049,48,181,1.0006,3.2,0.62,9.1,6
6.8,0.22,0.37,1.7,0.036,38,195,0.9908,3.35,0.72,12.5,6
6,0.26,0.29,3.1,0.041,37,144,0.98944,3.22,0.39,12.8,7
6.9,0.19,0.32,7.9,0.042,30,130,0.99456,3.4,0.39,10.5,6
5.3,0.26,0.23,5.15,0.034,48,160,0.9952,3.82,0.51,10.5,7
5.4,0.29,0.38,1.2,0.029,31,132,0.98895,3.28,0.36,12.4,6
6.4,0.33,0.44,8.9,0.055,52,164,0.99488,3.1,0.48,9.6,5
6.9,0.26,0.33,12.6,0.051,59,173,0.998,3.39,0.38,9.9,5
6.9,0.34,0.49,7.3,0.045,61,206,0.9957,3.09,0.4,9,6
8.9,0.27,0.28,0.8,0.024,29,128,0.98984,3.01,0.35,12.4,6
6.3,0.32,0.17,17.75,0.06,51,190,0.99916,3.13,0.48,8.8,6
5.7,0.22,0.2,16,0.044,41,113,0.99862,3.22,0.46,8.9,6
6.9,0.48,0.36,3.5,0.03,31,135,0.9904,3.14,0.38,12.2,7
7.2,0.22,0.28,7.2,0.06,41,132,0.9935,3.08,0.59,11.3,6
8.4,0.17,0.31,5.4,0.052,47,150,0.9953,3.24,0.38,9.8,5
8.3,0.26,0.41,9.2,0.042,41,162,0.9944,3.1,0.38,12,7
5.9,0.14,0.2,1.6,0.04,26,114,0.99105,3.25,0.45,11.4,6
6.6,0.29,0.29,1.8,0.036,38,102,0.98819,3.08,0.42,13.7,7
7.2,0.25,0.32,1.5,0.047,27,132,0.9933,3.26,0.44,10.5,5
6.5,0.33,0.24,14.5,0.048,20,96,0.99456,3.06,0.3,11.5,8
6.2,0.19,0.29,4.3,0.045,33,126,0.99658,3.18,0.42,9.3,6
10,0.2,0.39,1.4,0.05,19,152,0.994,3,0.42,10.4,6
6.7,0.36,0.28,8.3,0.034,29,81,0.99151,2.96,0.39,12.5,6
5.6,0.35,0.14,5,0.046,48,198,0.9937,3.3,0.71,10.3,5
8.2,0.23,0.37,1.3,0.042,39,117,0.9928,2.99,0.36,10,5
6.2,0.2,0.26,9.7,0.03,39,102,0.9908,3.08,0.56,12.9,7
6.4,0.31,0.31,12.9,0.045,55,161,0.99546,3.02,0.59,10.2,5
6.6,0.34,0.2,1,0.053,26,112,0.99336,3.32,0.55,9.1,5
7.2,0.51,0.24,10,0.093,35,197,0.9981,3.41,0.47,9,5
7.6,0.31,0.24,1.8,0.037,39,150,0.9913,3.05,0.44,11.8,7
8,0.4,0.33,7.7,0.034,27,98,0.9935,3.18,0.41,12.2,7
6.5,0.25,0.27,17.4,0.064,29,140,0.99776,3.2,0.49,10.1,6
6.2,0.16,0.34,1.7,0.038,85,153,0.9909,3.33,0.86,12,7
6.8,0.26,0.43,11.75,0.045,53,198,0.9969,3.26,0.55,9.5,5
8.3,0.39,0.7,10.6,0.045,33,169,0.9976,3.09,0.57,9.4,5
7.7,0.15,0.29,1.3,0.029,10,64,0.9932,3.35,0.39,10.1,5
6.9,0.24,0.4,15.4,0.052,81,198,0.9986,3.2,0.69,9.4,5
7.2,0.14,0.32,1.1,0.022,48,116,0.99218,3.04,0.67,10,6
5.8,0.2,0.3,1.5,0.031,21,57,0.99115,3.44,0.55,11,6
6.2,0.35,0.2,18.1,0.069,33,158,0.99908,3.15,0.5,8.8,6
7.2,0.31,0.46,5,0.04,3,29,0.9906,3.04,0.53,12.5,4
7.6,0.27,0.25,13.9,0.05,45,199,0.9984,3.34,0.5,9.8,6
7.1,0.47,0.24,6,0.044,11,77,0.9956,3.21,0.56,9.7,5
5.3,0.31,0.38,10.5,0.031,53,140,0.99321,3.34,0.46,11.7,6
8.3,0.16,0.37,7.9,0.025,38,107,0.99306,2.93,0.37,11.9,6
7.9,0.19,0.26,2.1,0.039,8,143,0.9942,3.05,0.74,9.8,5
7.4,0.29,0.48,12.8,0.037,61.5,182,0.99808,3.02,0.34,8.8,5
6,0.34,0.24,5.4,0.06,23,126,0.9951,3.25,0.44,9,7
6.6,0.23,0.26,1.3,0.045,16,128,0.9934,3.36,0.6,10,6
6.5,0.43,0.18,13.15,0.032,25,131,0.99565,3.23,0.51,10.7,5
7.1,0.27,0.27,10.4,0.041,26,114,0.99335,3.04,0.52,11.5,7
7.6,0.16,0.44,1.4,0.043,25,109,0.9932,3.11,0.75,10.3,6
6.1,0.17,0.28,2.5,0.028,22,98,0.99072,3.16,0.37,11.1,7
5.7,0.18,0.36,1.2,0.046,9,71,0.99199,3.7,0.68,10.9,7
5.9,0.14,0.25,4.5,0.027,34,140,0.9934,3.49,0.51,10.8,6
6.7,0.5,0.38,7.5,0.046,26,175,0.99662,3.32,0.54,9.6,5
5.8,0.19,0.49,4.9,0.04,44,118,0.9935,3.34,0.38,9.5,7
7.8,0.28,0.25,3.4,0.024,27,99,0.98959,2.98,0.37,13,6
5.7,0.21,0.32,0.9,0.038,38,121,0.99074,3.24,0.46,10.6,6
6.5,0.23,0.38,1.3,0.032,29,112,0.99298,3.29,0.54,9.7,5
7.7,0.32,0.61,11.8,0.041,66,188,0.99794,3,0.54,9.3,5
6.1,0.38,0.42,5,0.016,31,113,0.99007,3.15,0.31,12.4,7
6.2,0.27,0.18,1.5,0.028,20,111,0.99228,3.41,0.5,10,5
6,0.45,0.65,9.7,0.08,11,159,0.9956,3.04,0.48,9.4,5
6.6,0.27,0.32,1.3,0.044,18,93,0.99044,3.11,0.56,12.25,5
5.4,0.15,0.32,2.5,0.037,10,51,0.98878,3.04,0.58,12.6,6
6,0.36,0.39,3.2,0.027,20,125,0.991,3.38,0.39,11.3,7
7.1,0.14,0.35,1.4,0.039,24,128,0.99212,2.97,0.68,10.4,5
6.4,0.5,0.16,12.9,0.042,26,138,0.9974,3.28,0.33,9,5
8.2,0.345,1,18.2,0.047,55,205,0.99965,2.96,0.43,9.6,5
6.3,0.24,0.29,13.7,0.035,53,134,0.99567,3.17,0.38,10.6,6
6.1,0.125,0.25,3.3,0.04,10,69,0.9934,3.54,0.59,10.1,6
6.9,0.28,0.4,8.2,0.036,15,95,0.9944,3.17,0.33,10.2,5
6.1,0.3,0.32,2.2,0.042,41,142,0.98952,3.31,0.44,12.7,7
6.2,0.24,0.29,13.3,0.039,49,130,0.9952,3.33,0.46,11,8
8.2,0.29,0.33,9.1,0.036,28,118,0.9953,2.96,0.4,10.9,7
8.4,0.3,0.25,17.75,0.047,25,218,1.00016,2.98,0.66,9.1,5
5.2,0.3,0.34,1.5,0.038,18,96,0.98942,3.56,0.48,13,8
8.3,0.28,0.27,17.5,0.045,48,253,1.00014,3.02,0.56,9.1,6
6.8,0.45,0.3,11.8,0.094,23,97,0.997,3.09,0.44,9.6,5
6.4,0.33,0.28,1.1,0.038,30,110,0.9917,3.12,0.42,10.5,6
6.1,0.22,0.38,2.8,0.144,12,65,0.9908,2.95,0.64,11.4,6
6.4,0.24,0.22,1.5,0.038,38,157,0.9934,3.41,0.55,9.9,6
6.9,0.23,0.33,12.8,0.056,44,169,0.998,3.42,0.42,9.8,6
7,0.22,0.31,2.7,0.03,41,136,0.9898,3.16,0.37,12.7,7
7.6,0.21,0.49,2.5,0.047,20,130,0.99178,3.15,0.48,11.1,5
6.3,0.32,0.32,1.5,0.03,24,101,0.98923,3.21,0.42,13,5
6.1,0.27,0.44,6.7,0.041,61,230,0.99505,3.12,0.4,8.9,5
8.3,0.25,0.33,2.5,0.053,12,72,0.99404,2.89,0.48,9.5,5
7.4,0.21,0.3,7.9,0.039,14,118,0.9942,2.96,0.34,10.4,5
7,0.34,0.26,10.3,0.041,51,166,0.99382,3.08,0.35,11.6,6
7.1,0.21,0.27,8.6,0.056,26,111,0.9956,2.95,0.52,9.5,5
6.3,0.27,0.46,11.1,0.053,44,177,0.99691,3.18,0.67,9.4,5
6.3,0.4,0.24,5.1,0.036,43,131,0.99186,3.24,0.44,11.3,6
6.5,0.18,0.33,8,0.051,16,131,0.9965,3.28,0.44,8.7,7
6.1,0.27,0.3,16.7,0.039,49,172,0.99985,3.4,0.45,9.4,5
7.6,0.32,0.34,18.35,0.054,44,197,1.0008,3.22,0.55,9,5
7.1,0.17,0.38,7.4,0.052,49,182,0.9958,3.35,0.52,9.6,6
5.9,0.3,0.3,2,0.03,38,142,0.98892,3.41,0.41,12.9,7
5.6,0.16,0.27,1.4,0.044,53,168,0.9918,3.28,0.37,10.1,6
7.7,0.275,0.3,1,0.039,19,75,0.992,3.01,0.56,10.7,5
7,0.22,0.26,1.1,0.037,20,71,0.9902,3.1,0.38,11.7,6
8.8,0.24,0.23,10.3,0.032,12,97,0.99571,3.13,0.4,10.7,6
6.9,0.3,0.33,4.1,0.035,26,155,0.9925,3.25,0.79,12.3,8
8.2,0.37,0.64,13.9,0.043,22,171,0.99873,2.99,0.8,9.3,5
8.5,0.21,0.41,4.3,0.036,24,99,0.9947,3.18,0.53,9.7,6
6.5,0.22,0.34,12,0.053,55,177,0.9983,3.52,0.44,9.9,6
5.8,0.385,0.25,3.7,0.031,38,122,0.99128,3.2,0.63,11.2,6
7.8,0.26,0.49,3.2,0.027,28,87,0.9919,3.03,0.32,11.3,7
6,0.45,0.42,1.1,0.051,61,197,0.9932,3.02,0.4,9,5
6.5,0.29,0.53,1.7,0.04,41,192,0.9922,3.26,0.59,10.4,7
6.2,0.27,0.47,1.2,0.146,28,105,0.99224,3.23,0.51,10.1,5
6.9,0.32,0.27,16,0.034,58,185,0.99938,3.34,0.6,9,6
7.5,0.29,0.26,14.95,0.067,47,178,0.99838,3.04,0.49,9.2,4
6.8,0.18,0.28,8.7,0.047,52,242,0.9952,3.22,0.53,10.5,6
6,0.28,0.27,15.5,0.036,31,134,0.99408,3.19,0.44,13,7
6.3,0.4,0.32,10.6,0.049,38,209,0.9981,3.47,0.59,9.3,6
7.1,0.2,0.3,0.9,0.019,4,28,0.98931,3.2,0.36,12,6
6,0.27,0.26,1.3,0.038,32,138,0.99125,3.46,0.43,11.1,6
5.8,0.31,0.31,7.5,0.052,55,230,0.9949,3.19,0.46,9.8,5
7.8,0.27,0.35,1.2,0.05,36,140,0.99138,3.09,0.45,11.2,5
6.5,0.24,0.32,7.6,0.038,48,203,0.9958,3.45,0.54,9.7,7
7.3,0.42,0.38,6.8,0.045,29,122,0.9925,3.19,0.37,12.6,7
7.5,0.38,0.29,4.9,0.021,38,113,0.99026,3.08,0.48,13,7
6.3,0.25,0.23,14.9,0.039,47,142,0.99705,3.14,0.35,9.7,6
7.6,0.51,0.24,1.2,0.04,10,104,0.992,3.05,0.29,10.8,6
7.5,0.42,0.2,1.4,0.06,15,168,0.9944,3.06,0.4,9.4,6
6.9,0.3,0.21,15.7,0.056,49,159,0.99827,3.11,0.48,9,5
4.7,0.335,0.14,1.3,0.036,69,168,0.99212,3.47,0.46,10.5,5
6.9,0.37,0.28,13.8,0.031,34,137,0.9948,3.1,0.37,11.6,6
7.4,0.16,0.27,15.5,0.05,25,135,0.9984,2.9,0.43,8.7,7
7.5,0.28,0.34,4.2,0.028,36,116,0.991,2.99,0.41,12.3,8
5.8,0.32,0.2,2.6,0.027,17,123,0.98936,3.36,0.78,13.9,7
7,0.15,0.29,16.4,0.058,45,110,0.9978,3.15,0.37,9.7,6
7.7,0.26,0.32,1.2,0.04,26,117,0.993,3.21,0.56,10.8,5
5.5,0.16,0.22,4.5,0.03,30,102,0.9938,3.24,0.36,9.4,6
7.3,0.2,0.39,2.3,0.048,24,87,0.99044,2.94,0.35,12,6
5.8,0.28,0.35,2.3,0.053,36,114,0.9924,3.28,0.5,10.2,4
7.8,0.16,0.41,1.7,0.026,29,140,0.991,3.02,0.78,12.5,6
6.5,0.28,0.26,8.8,0.04,44,139,0.9956,3.32,0.37,10.2,6
6.5,0.18,0.48,18,0.054,56,183,1.00038,2.98,0.61,8.5,6
6.7,0.21,0.34,1.4,0.049,36,112,0.99091,3.02,0.5,11,6
6.7,0.28,0.28,4.5,0.051,14,92,0.99224,3.36,0.58,11.9,6
6.6,0.26,0.46,7.8,0.047,48,186,0.9958,3.2,0.54,9.1,5
6.4,0.25,0.53,6.6,0.038,59,234,0.9955,3.03,0.42,8.8,5
6.9,0.24,0.36,20.8,0.031,40,139,0.9975,3.2,0.33,11,6
5,0.55,0.14,8.3,0.032,35,164,0.9918,3.53,0.51,12.5,8
6.6,0.31,0.07,1.5,0.033,55,144,0.99208,3.16,0.42,10,5
5.8,0.27,0.2,14.95,0.044,22,179,0.9962,3.37,0.37,10.2,5
6.2,0.2,0.32,2.8,0.05,17,126,0.9936,3.18,0.55,9.4,6
6.2,0.16,0.47,1.4,0.029,23,81,0.99,3.26,0.42,12.2,6
5.7,0.26,0.3,1.8,0.039,30,105,0.98995,3.48,0.52,12.5,7
7.9,0.46,0.32,4.1,0.033,40,138,0.9912,3.18,0.44,12.8,7
6.9,0.14,0.29,9.9,0.056,30,91,0.99512,3.19,0.33,9.9,6
7.5,0.17,0.71,11.8,0.038,52,148,0.99801,3.03,0.46,8.9,5
7.2,0.19,0.39,1.2,0.036,32,85,0.9918,3.16,0.5,10.5,5
6.8,0.23,0.32,1.6,0.026,43,147,0.9904,3.29,0.54,12.5,6
6.4,0.27,0.29,10.8,0.028,17,118,0.99356,3.18,0.37,11.2,6
6.2,0.15,0.27,11,0.035,46,116,0.99602,3.12,0.38,9.1,6
6.6,0.22,0.3,14.7,0.045,50,136,0.99704,3.14,0.37,10.6,6
8.3,0.4,0.38,1.1,0.038,15,75,0.9934,3.03,0.43,9.2,5
5.9,0.3,0.47,7.85,0.03,19,133,0.9933,3.52,0.43,11.5,7
8,0.3,0.28,5.7,0.044,31,124,0.9948,3.16,0.51,10.2,6
6.3,0.33,0.2,17.9,0.066,36,161,0.9991,3.14,0.51,8.8,5
6.4,0.4,0.25,4.2,0.032,15,91,0.98988,3.26,0.52,13.1,6
7.7,0.39,0.3,5.2,0.037,29,131,0.9943,3.38,0.44,11,6
6.5,0.19,0.26,5.2,0.04,31,140,0.995,3.26,0.68,9.5,6
5.6,0.18,0.3,10.2,0.028,28,131,0.9954,3.49,0.42,10.8,7
6.1,0.28,0.32,2.5,0.042,23,218.5,0.9935,3.27,0.6,9.8,5
7.1,0.26,0.37,5.5,0.025,31,105,0.99082,3.06,0.33,12.6,8
8,0.16,0.36,1.5,0.033,14,122,0.9941,3.2,0.39,10.3,4
6.4,0.18,0.48,18,0.054,56,183,1.00038,2.98,0.61,8.5,6
7.9,0.25,0.29,5.3,0.031,33,117,0.9918,3.06,0.32,11.8,7
6.7,0.24,0.3,10.2,0.07,44,179,0.99666,2.86,0.46,8.9,6
8.8,0.19,0.3,5,0.028,34,120,0.99242,2.94,0.47,11.2,5
5.6,0.32,0.32,8.3,0.043,32,105,0.99266,3.24,0.47,11.2,6
6.4,0.24,0.49,5.8,0.053,25,120,0.9942,3.01,0.98,10.5,6
5.7,0.335,0.34,1,0.04,13,174,0.992,3.27,0.66,10,5
7.9,0.11,0.49,4.5,0.048,27,133,0.9946,3.24,0.42,10.6,6
7.3,0.22,0.5,13.7,0.049,56,189,0.9994,3.24,0.66,9,6
5.8,0.27,0.22,12.7,0.058,42,206,0.9946,3.32,0.38,12.3,6
6.8,0.475,0.33,3.95,0.047,16,81,0.98988,3.23,0.53,13.4,7
6.8,0.26,0.46,8.3,0.037,49,173,0.99601,3.17,0.47,9.3,5
8.1,0.2,0.36,9.7,0.044,63,162,0.997,3.1,0.46,10,6
6.6,0.56,0.22,8.9,0.034,27,133,0.99675,3.2,0.51,9.1,5
6.8,0.22,0.29,8.9,0.046,82,188,0.9955,3.3,0.44,10.3,6
6.5,0.22,0.19,1.1,0.064,36,191,0.99297,3.05,0.5,9.5,6
6.1,0.23,0.27,9.8,0.055,74,134,0.99534,3.16,0.4,10.2,6
6.8,0.22,0.35,5.5,0.043,21,114,0.9938,3.3,0.53,10.7,7
6.6,0.25,0.3,1.6,0.046,32,134,0.993,3.42,0.51,10.1,7
6.6,0.19,0.41,8.9,0.046,51,169,0.9954,3.14,0.57,9.8,6
6.3,0.3,0.34,1.6,0.049,14,132,0.994,3.3,0.49,9.5,6
6.4,0.25,0.33,1.7,0.037,35,113,0.99164,3.23,0.66,10.6,6
5.8,0.39,0.47,7.5,0.027,12,88,0.9907,3.38,0.45,14,6
8.3,0.21,0.49,19.8,0.054,50,231,1.0012,2.99,0.54,9.2,5
5.8,0.28,0.3,3.9,0.026,36,105,0.98963,3.26,0.58,12.75,6
5.9,0.32,0.2,14.4,0.05,29,144,0.99666,3.24,0.41,10.3,6
5.5,0.42,0.09,1.6,0.019,18,68,0.9906,3.33,0.51,11.4,7
7.9,0.44,0.26,4.45,0.033,23,100,0.99117,3.17,0.52,12.7,6
9.2,0.71,0.23,6.2,0.042,15,93,0.9948,2.89,0.34,10.1,6
8.1,0.12,0.49,1.2,0.042,43,160,0.9934,3.13,0.48,9.7,6
6.1,0.16,0.29,6,0.03,29,144,0.99474,3.68,0.46,10.7,6
5.6,0.33,0.28,1.2,0.031,33,97,0.99126,3.49,0.58,10.9,6
6.8,0.27,0.3,13,0.047,69,160,0.99705,3.16,0.5,9.6,6
6.9,0.34,0.3,4.7,0.029,34,148,0.99165,3.36,0.49,12.3,7
8.4,0.57,0.44,10.7,0.051,46,195,0.9981,3.15,0.51,10.4,5
6.4,0.17,0.32,2.4,0.048,41,200,0.9938,3.5,0.5,9.7,6
7.1,0.55,0.13,1.7,0.073,21,165,0.994,2.97,0.58,9.2,6
6.3,0.32,0.35,11.1,0.039,29,198,0.9984,3.36,0.5,9.4,7
7.4,0.25,0.37,2.6,0.05,24,132,0.99138,3.04,0.53,11.2,6
4.5,0.19,0.21,0.95,0.033,89,159,0.99332,3.34,0.42,8,5
6.8,0.32,0.21,2.2,0.044,15,68,0.9932,3.17,0.39,9.4,6
7.3,0.43,0.37,4.6,0.028,17,114,0.991,3.23,0.43,13.2,6
7.2,0.23,0.38,14.3,0.058,55,194,0.9979,3.09,0.44,9,6
6.1,0.35,0.24,2.3,0.034,25,133,0.9906,3.34,0.59,12,7
5,0.2,0.4,1.9,0.015,20,98,0.9897,3.37,0.55,12.05,6
7.2,0.22,0.35,5.5,0.054,37,183,0.99474,3.08,0.5,10.3,5
8.8,0.39,0.35,1.8,0.096,22,80,0.99016,2.95,0.54,12.6,6
6.3,0.21,0.33,13.9,0.046,68,179,0.9971,3.36,0.5,10.4,6
6.6,0.25,0.3,14.4,0.052,40,183,0.998,3.02,0.5,9.1,6
7,0.26,0.46,15.55,0.037,61,171,0.9986,2.94,0.35,8.8,6
7.9,0.31,0.22,13.3,0.048,46,212,0.99942,3.47,0.59,10,5
6.8,0.34,0.69,1.3,0.058,12,171,0.9931,3.06,0.47,9.7,5
6.3,0.32,0.26,12.3,0.044,24,205,0.99611,3.11,0.58,9.9,5
9.2,0.28,0.46,3.2,0.058,39,133,0.996,3.14,0.58,9.5,5
6.5,0.29,0.25,10.6,0.039,32,120,0.9962,3.31,0.34,10.1,6
8.2,0.3,0.44,12.4,0.043,52,154,0.99452,3.04,0.33,12,6
7.1,0.23,0.28,1.9,0.046,33,103,0.98997,3.12,0.31,12,5
6.7,0.5,0.36,11.5,0.096,18,92,0.99642,3.11,0.49,9.6,5
6.7,0.17,0.5,2.1,0.043,27,122,0.9923,3.15,0.45,10.3,6
7.1,0.16,0.36,1.2,0.043,21,90,0.9925,3.16,0.42,11,7
7.9,0.14,0.74,1.2,0.028,30,165,0.991,3.08,0.82,12.3,6
7.7,0.28,0.39,8.9,0.036,8,117,0.9935,3.06,0.38,12,7
6.6,0.24,0.33,10.1,0.032,8,81,0.99626,3.19,0.51,9.8,6
7.2,0.4,0.24,8.5,0.055,45,151,0.99626,3.2,0.52,9.2,5
6.4,0.26,0.35,7.7,0.056,45,191,0.99527,3.16,0.5,9.5,5
6.5,0.24,0.39,17.3,0.052,22,126,0.99888,3.11,0.47,9.2,6
9.4,0.24,0.29,8.5,0.037,124,208,0.99395,2.9,0.38,11,3
8.3,0.33,0.43,9.2,0.046,22,126,0.9982,3.38,0.47,9.3,5
5.9,0.37,0.14,6.3,0.036,34,185,0.9944,3.17,0.63,9.8,5
3.8,0.31,0.02,11.1,0.036,20,114,0.99248,3.75,0.44,12.4,6
6,0.2,0.32,3,0.031,26,118,0.99134,3.38,0.68,11.2,7
6.9,0.3,0.21,7.2,0.045,54,190,0.99595,3.22,0.48,9.4,5
6,0.36,0.32,1.1,0.053,26,173,0.99414,3.38,0.54,8.8,5
7.5,0.21,0.34,1.2,0.06,26,111,0.9931,3.51,0.47,10.7,6
6.9,0.24,0.39,1.3,0.063,18,136,0.9928,3.31,0.48,10.4,7
7.1,0.37,0.3,6.2,0.04,49,139,0.99021,3.17,0.27,13.6,6
6.5,0.3,0.29,2.25,0.037,8,210,0.9937,3.19,0.62,9.9,5
6.8,0.18,0.21,5.4,0.053,34,104,0.99445,3.3,0.43,9.4,5
7.5,0.24,0.29,1.1,0.046,34,84,0.9902,3.04,0.39,11.45,6
6.5,0.36,0.31,4.1,0.061,20,134,0.99475,3.18,0.45,9,6
8.3,0.14,0.34,1.1,0.042,7,47,0.9934,3.47,0.4,10.2,6
8.2,0.24,0.3,2.3,0.05,23,106,0.99397,2.98,0.5,10,5
5.8,0.14,0.15,6.1,0.042,27,123,0.99362,3.06,0.6,9.9,6
6.2,0.28,0.27,10.3,0.03,26,108,0.99388,3.2,0.36,10.7,6
7.3,0.26,0.33,17.85,0.049,41.5,195,1,3.06,0.44,9.1,7
7,0.2,0.38,8.1,0.05,42,173,0.99585,3.3,0.54,9.8,6
6.3,0.2,0.24,1.7,0.052,36,135,0.99374,3.8,0.66,10.8,6
6.4,0.35,0.51,7.8,0.055,53,177,0.99502,3.12,0.45,9.6,5
8.2,0.34,0.49,8,0.046,55,223,0.996,3.08,0.52,10.7,6
5.8,0.19,0.33,4.2,0.038,49,133,0.99107,3.16,0.42,11.3,7
9.9,1.005,0.46,1.4,0.046,34,185,0.9966,3.02,0.49,10.2,4
6,0.42,0.41,12.4,0.032,50,179,0.99622,3.14,0.6,9.7,5
4.8,0.13,0.32,1.2,0.042,40,98,0.9898,3.42,0.64,11.8,7
4.8,0.34,0,6.5,0.028,33,163,0.9939,3.36,0.61,9.9,6
7.3,0.34,0.3,1.3,0.057,25,173,0.9948,3.26,0.51,9.1,6
7.4,0.22,0.26,1.2,0.035,18,97,0.99245,3.12,0.41,9.7,6
5.9,0.29,0.25,12,0.057,48,224,0.9981,3.23,0.41,9,6
7.9,0.28,0.32,3.6,0.038,9,76,0.992,3.05,0.31,11.7,4
7.2,0.21,0.29,3.1,0.044,39,122,0.99143,3,0.6,11.3,6
6.7,0.25,0.36,8.6,0.037,63,206,0.99553,3.18,0.5,9.6,5
6.9,0.4,0.22,5.95,0.081,76,303,0.99705,3.4,0.57,9.4,5
7.2,0.31,0.5,13.3,0.056,68,195,0.9982,3.01,0.47,9.2,5
6.3,0.19,0.28,1.8,0.022,28,158,0.9907,3.2,0.64,11.4,6
6.5,0.18,0.31,1.7,0.044,30,127,0.9928,3.49,0.5,10.2,7
6.3,0.39,0.24,6.9,0.069,9,117,0.9942,3.15,0.35,10.2,4
6.9,0.25,0.29,2.4,0.038,28,76,0.99088,3.01,0.36,11.7,7
6.3,0.29,0.4,6.5,0.039,43,167,0.9953,3.15,0.44,9.3,6
6.4,0.33,0.24,9.8,0.041,29,109,0.9956,3.29,0.47,10.1,6
7.7,0.27,0.49,1.8,0.041,23,86,0.9914,3.16,0.42,12.5,6
6.4,0.24,0.29,11.4,0.051,32,166,0.9968,3.31,0.45,9.5,5
7.1,0.18,0.32,12.2,0.048,36,125,0.9967,2.92,0.54,9.4,6
5.8,0.28,0.3,1.5,0.026,31,114,0.98952,3.32,0.6,12.5,7
6.5,0.28,0.34,4.6,0.054,22,130,0.99193,3.2,0.46,12,7
5.8,0.345,0.15,10.8,0.033,26,120,0.99494,3.25,0.49,10,6
7.5,0.22,0.29,4.8,0.05,33,87,0.994,3.14,0.42,9.9,5
7.3,0.205,0.31,1.7,0.06,34,110,0.9963,3.72,0.69,10.5,6
6.8,0.14,0.35,1.5,0.047,40,117,0.99111,3.07,0.72,11.1,6
6.5,0.2,0.5,18.1,0.054,50,221,0.99941,2.94,0.64,8.8,6
5.8,0.315,0.19,19.4,0.031,28,106,0.99704,2.97,0.4,10.55,6
6.4,0.31,0.4,6.4,0.039,39,191,0.99513,3.14,0.52,9.8,5
7.2,0.29,0.2,7.7,0.046,51,174,0.99582,3.16,0.52,9.5,5
7.8,0.21,0.39,1.8,0.034,62,180,0.991,3.09,0.75,12.6,8
7.4,0.2,1.66,2.1,0.022,34,113,0.99165,3.26,0.55,12.2,6
6.3,0.495,0.22,1.8,0.046,31,140,0.9929,3.39,0.54,10.4,6
7.6,0.32,0.35,1.6,0.092,24,138,0.99438,3.19,0.44,9.8,5
6,0.59,0,0.8,0.037,30,95,0.99032,3.1,0.4,10.9,4
6.8,0.28,0.39,1.4,0.036,15,115,0.9918,3.27,0.72,11.7,5
7.3,0.22,0.37,15.5,0.048,70,203,0.99899,3.25,0.77,9.4,5
6.4,0.16,0.32,8.75,0.038,38,118,0.99449,3.19,0.41,10.7,5
8,0.26,0.28,4.8,0.05,34,150,0.99437,3.13,0.5,10,6
6.5,0.29,0.26,7,0.04,18,113,0.99366,3.17,0.38,10.2,6
5.6,0.23,0.25,8,0.043,31,101,0.99429,3.19,0.42,10.4,6
6.5,0.38,0.34,3.4,0.036,34,200,0.9937,3.14,0.76,10,5
8,0.23,0.46,1.5,0.03,30,125,0.9907,3.23,0.47,12.5,6
8.6,0.36,0.26,11.1,0.03,43.5,171,0.9948,3.03,0.49,12,5
6.6,0.21,0.5,8.7,0.036,41,191,0.99294,2.96,0.56,11,6
7.6,0.28,0.39,1.9,0.052,23,116,0.9941,3.25,0.4,10.4,6
6.8,0.27,0.32,1.5,0.044,19,142,0.9921,3.1,0.43,9.9,6
6.8,0.27,0.28,7.8,0.038,26,89,0.9915,3.24,0.34,12.5,6
7.4,0.31,0.28,1.6,0.05,33,137,0.9929,3.31,0.56,10.5,6
5.6,0.28,0.4,6.1,0.034,36,118,0.99144,3.21,0.43,12.1,7
7.5,0.29,0.24,9.9,0.058,25,115,0.99567,3.15,0.46,10.9,5
7.2,0.31,0.26,7.3,0.05,37,157,0.99625,3.09,0.43,9,5
7.6,0.23,0.4,5.2,0.066,14,91,0.99488,3.17,0.8,9.7,5
7.4,0.18,0.27,1.3,0.048,26,105,0.994,3.52,0.66,10.6,6
7.6,0.3,0.22,10.2,0.049,57,191,0.9966,3.08,0.4,9.3,6
6.5,0.26,0.34,16.3,0.051,56,197,1.0004,3.49,0.42,9.8,5
7.4,0.28,0.36,14.6,0.048,35,161,0.9968,3.14,0.56,10.6,5
7.2,0.16,0.29,1,0.031,40,123,0.98958,3.12,0.4,12.1,7
6.9,0.25,0.47,8.4,0.042,36,156,0.99604,3.15,0.55,9.4,6
7.2,0.23,0.39,14.2,0.058,49,192,0.9979,2.98,0.48,9,7
6.3,0.3,0.2,3.7,0.039,34,132,0.99158,3,0.38,10.7,5
7.9,0.18,0.49,5.2,0.051,36,157,0.9953,3.18,0.48,10.6,6
7.1,0.21,0.72,1.6,0.167,65,120,0.99324,2.97,0.51,9.2,5
7.9,0.2,0.49,1.6,0.053,15,144,0.993,3.16,0.47,10.5,5
7.4,0.18,0.36,13.1,0.056,72,163,1,3.42,0.35,9.1,6
6.8,0.25,0.38,8.1,0.046,24,155,0.9956,3.33,0.59,10.2,6
8.5,0.56,0.74,17.85,0.051,51,243,1.0005,2.99,0.7,9.2,5
8,0.26,0.28,8.2,0.038,72,202,0.99566,3.12,0.56,10,6
7.6,0.31,0.27,8.8,0.021,57,156,0.99442,3.08,0.38,11,7
6.8,0.29,0.5,13.3,0.053,48,194,0.9974,3.09,0.45,9.4,5
7.7,0.28,0.58,12.1,0.046,60,177,0.9983,3.08,0.46,8.9,5
7.7,0.16,0.49,2,0.056,20,124,0.9948,3.32,0.49,10.7,6
7.3,0.23,0.37,1.8,0.032,60,156,0.992,3.11,0.35,11.1,6
7.1,0.34,0.86,1.4,0.174,36,99,0.99288,2.92,0.5,9.3,5
8.1,0.19,0.4,0.9,0.037,73,180,0.9926,3.06,0.34,10,6
6.6,0.26,0.36,1.2,0.035,43,126,0.99094,3.01,0.63,11.4,6
7.5,0.42,0.14,10.7,0.046,18,95,0.9959,3.22,0.33,10.7,5
6.3,0.34,0.33,4.6,0.034,19,80,0.9917,3.38,0.58,12,7
6.6,0.26,0.29,1.4,0.039,13,67,0.9915,3.05,0.49,10.9,6
9.2,0.16,0.49,2,0.044,18,107,0.99514,3.1,0.53,10.2,4
6.3,0.21,0.4,1.7,0.031,48,134,0.9917,3.42,0.49,11.5,6
7.5,0.38,0.56,9.7,0.055,15,170,0.99605,3.13,0.65,9.9,6
6.4,0.2,0.15,6.6,0.046,26,113,0.99408,2.99,0.58,9.9,6
6.6,0.23,0.24,3.9,0.045,36,138,0.9922,3.15,0.64,11.3,7
7.6,0.32,0.58,16.75,0.05,43,163,0.9999,3.15,0.54,9.2,5
6.2,0.37,0.3,6.6,0.346,79,200,0.9954,3.29,0.58,9.6,5
6.9,0.3,0.25,3.3,0.041,26,124,0.99428,3.18,0.5,9.3,6
5.7,0.28,0.36,1.8,0.041,38,90,0.99002,3.27,0.98,11.9,7
6.9,0.22,0.31,6.3,0.029,41,131,0.99326,3.08,0.49,10.8,6
7.1,0.4,0.52,1.3,0.148,45,149,0.99468,3.08,0.56,8.7,5
6.9,0.2,0.5,10,0.036,78,167,0.9964,3.15,0.55,10.2,6
6.8,0.22,0.32,5.9,0.054,40,152,0.9938,3.2,0.57,10.8,6
7.2,0.2,0.25,4.5,0.044,31,109,0.9949,3.23,0.36,9.4,5
8.6,0.17,0.28,2.7,0.047,38,150,0.99365,3.1,0.56,10.8,6
6.3,0.39,0.35,5.9,0.04,82.5,260,0.9941,3.12,0.66,10.1,5
7.9,0.17,0.32,1.6,0.053,47,150,0.9948,3.29,0.76,9.6,6
6,0.41,0.05,1.5,0.063,17,120,0.9932,3.21,0.56,9.2,6
7.1,0.17,0.4,14.55,0.047,47,156,0.99945,3.34,0.78,9.1,6
5.4,0.255,0.33,1.2,0.051,29,122,0.99048,3.37,0.66,11.3,6
7.4,0.25,0.29,6.8,0.02,31,113,0.99338,3.13,0.29,10.8,6
7.2,0.3,0.26,1.5,0.041,46,178,0.99154,3.19,0.56,11.3,6
8.6,0.23,0.25,11.3,0.031,13,96,0.99645,3.11,0.4,10.8,5
6.5,0.29,0.42,10.6,0.042,66,202,0.99674,3.24,0.53,9.5,6
5.3,0.43,0.11,1.1,0.029,6,51,0.99076,3.51,0.48,11.2,4
8.3,0.22,0.38,14.8,0.054,32,126,1.0002,3.22,0.5,9.7,5
8.2,0.34,0.29,5.2,0.076,19,92,0.99138,2.95,0.39,12.5,6
6.2,0.25,0.31,3.2,0.03,32,150,0.99014,3.18,0.31,12,6
6.5,0.27,0.19,6.6,0.045,98,175,0.99364,3.16,0.34,10.1,6
6.3,0.24,0.29,1.6,0.052,48,185,0.9934,3.21,0.5,9.4,5
7,0.27,0.74,1.3,0.173,34,121,0.99334,3.04,0.46,9.2,6
7,0.33,0.78,9.9,0.042,21,251,0.99435,3.01,0.55,11,6
7.3,0.24,0.41,13.6,0.05,41,178,0.9988,3.37,0.43,9.7,5
5.7,0.15,0.47,11.4,0.035,49,128,0.99456,3.03,0.34,10.5,8
7.9,0.22,0.45,14.2,0.038,53,141,0.9992,3.03,0.46,9.2,6
5.6,0.19,0.46,1.1,0.032,33,115,0.9909,3.36,0.5,10.4,6
6.1,0.27,0.32,1.1,0.034,24,110,0.9898,3.36,0.4,12.5,6
7.4,0.2,0.36,1.2,0.038,44,111,0.9926,3.36,0.34,9.9,6
9,0.31,0.49,6.9,0.034,26,91,0.9937,2.99,0.34,11.5,5
7.2,0.21,0.28,2.7,0.033,38,94,0.99075,2.99,0.43,11.8,7
6.2,0.3,0.31,1.2,0.048,19,125,0.98999,3.32,0.54,12.6,6
6.6,0.43,0.24,11.9,0.04,54,159,0.99622,3.14,0.54,9.8,6
6.6,0.36,0.52,11.3,0.046,8,110,0.9966,3.07,0.46,9.4,5
5.3,0.275,0.24,7.4,0.038,28,114,0.99313,3.38,0.51,11,6
8.4,0.19,0.43,2.1,0.052,20,104,0.994,2.85,0.46,9.5,5
6.8,0.29,0.16,1.4,0.038,122.5,234.5,0.9922,3.15,0.47,10,4
6,0.29,0.27,2.3,0.044,20,117,0.9895,3.31,0.41,12.7,7
7.8,0.24,0.18,6.7,0.046,33,160,0.9963,3.2,0.56,9.8,6
7.1,0.2,0.31,6.85,0.053,32,211,0.99587,3.31,0.59,10.4,6
6.7,0.31,0.34,6.8,0.059,51,215,0.99538,3.33,0.56,10.3,5
7.4,0.19,0.31,14.5,0.045,39,193,0.9986,3.1,0.5,9.2,6
8.4,0.16,0.33,1.5,0.033,16,98,0.994,3.14,0.42,9.7,6
8,0.22,0.42,14.6,0.044,45,163,1.0003,3.21,0.69,8.6,7
5.2,0.17,0.27,0.7,0.03,11,68,0.99218,3.3,0.41,9.8,5
6.1,0.19,0.37,2.6,0.041,24,99,0.99153,3.18,0.5,10.9,6
6.2,0.55,0.45,12,0.049,27,186,0.9974,3.17,0.5,9.3,6
6.4,0.37,0.2,5.6,0.117,61,183,0.99459,3.24,0.43,9.5,5
5.8,0.36,0.38,0.9,0.037,3,75,0.9904,3.28,0.34,11.4,4
6.9,0.3,0.3,10.55,0.037,4,28,0.99184,3.07,0.32,12.7,6
6.1,0.19,0.25,4,0.023,23,112,0.9923,3.37,0.51,11.6,6
6.5,0.46,0.41,16.8,0.084,59,222,0.9993,3.18,0.58,9,5
6.9,0.115,0.35,5.4,0.048,36,108,0.9939,3.32,0.42,10.2,6
8,0.22,0.28,14,0.053,83,197,0.9981,3.14,0.45,9.8,6
7.5,0.26,0.52,13.2,0.047,64,179,0.9982,3.1,0.46,9,5
5.8,0.4,0.42,4.4,0.047,38.5,245,0.9937,3.25,0.57,9.6,6
7.2,0.3,0.3,8.7,0.022,14,111,0.99576,3.11,0.61,10.6,5
6.9,0.34,0.36,1.4,0.032,13,145,0.99214,3.07,0.52,9.8,5
7.3,0.24,0.43,2,0.021,20,69,0.99,3.08,0.56,12.2,6
7.3,0.3,0.22,6.4,0.056,44,168,0.9947,3.13,0.35,10.1,6
5.8,0.3,0.12,1.6,0.036,57,163,0.99239,3.38,0.59,10.5,6
8.2,0.18,0.31,11.8,0.039,96,249,0.9976,3.07,0.52,9.5,6
7,0.12,0.19,4.9,0.055,27,127,0.9953,3.29,0.41,9.4,5
7.6,0.27,0.3,9.2,0.018,23,96,0.9938,3.08,0.29,11,6
6.6,0.33,0.31,1.3,0.02,29,89,0.99035,3.26,0.44,12.4,8
6.4,0.25,0.33,1.4,0.04,42,115,0.9906,3.19,0.48,11.3,7
6.3,0.33,0.42,17.2,0.037,57,170,0.99884,3.26,0.57,9.4,6
8,0.42,0.36,5,0.037,34,101,0.992,3.13,0.57,12.3,7
6.8,0.23,0.39,16.1,0.053,71,194,0.9988,3.18,0.64,10.2,6
7.4,0.27,0.48,1.1,0.047,17,132,0.9914,3.19,0.49,11.6,6
7.2,0.26,0.3,2.1,0.033,50,158,0.9909,3.33,0.43,12.1,7
6.7,0.28,0.42,3.5,0.035,43,105,0.99021,3.18,0.38,12.2,6
5.2,0.28,0.29,1.1,0.028,18,69,0.99168,3.24,0.54,10,6
6.3,0.36,0.2,2,0.048,48,191,0.9929,3.17,0.51,9.6,5
5.6,0.19,0.26,1.4,0.03,12,76,0.9905,3.25,0.37,10.9,7
6.2,0.36,0.32,4,0.036,44,92,0.98936,3.2,0.5,13.3,7
6.7,0.25,0.31,1.35,0.061,30.5,218,0.99388,3.16,0.53,9.5,5
7.7,0.24,0.27,1.8,0.051,52,190,0.9928,3.23,0.5,10.8,6
6.8,0.32,0.23,3.3,0.026,31,99,0.9896,3.1,0.4,12.4,6
6.2,0.32,0.32,2.2,0.036,15,70,0.9899,3.16,0.48,12.7,6
8.8,0.27,0.25,5,0.024,52,99,0.9925,2.87,0.49,11.4,5
5.8,0.2,0.16,1.4,0.042,44,99,0.98912,3.23,0.37,12.2,6
6.7,0.26,0.39,1.1,0.04,45,147,0.9935,3.32,0.58,9.6,8
8.5,0.22,0.34,0.7,0.04,5,25,0.9918,3.04,0.37,10.5,4
6.1,0.33,0.32,7.8,0.052,52,183,0.99657,3.39,0.65,9.5,5
6.7,0.38,0.26,9.55,0.036,35,91,0.9919,2.98,0.37,12.4,6
5.6,0.18,0.29,2.3,0.04,5,47,0.99126,3.07,0.45,10.1,4
6.1,0.34,0.29,2.2,0.036,25,100,0.98938,3.06,0.44,11.8,6
8.1,0.2,0.49,8.1,0.051,51,205,0.9954,3.1,0.52,11,6
5.6,0.18,0.58,1.25,0.034,29,129,0.98984,3.51,0.6,12,7
7.3,0.28,0.54,12.9,0.049,62,152,0.9984,3.06,0.45,9.1,6
7,0.3,0.27,1.5,0.076,24,145,0.99344,3.1,0.52,10.1,5
7.1,0.26,0.32,14.45,0.074,29,107,0.998,2.96,0.42,9.2,6
6.7,0.16,0.36,2,0.045,24,131,0.99284,3.3,0.59,10.5,6
6.4,0.31,0.28,2.5,0.039,34,137,0.98946,3.22,0.38,12.7,6
5.9,0.21,0.24,12.1,0.044,53,165,0.9969,3.25,0.39,9.5,5
6,0.2,0.26,1.1,0.033,38,67,0.98954,3.14,0.38,11.5,6
5.9,0.2,0.4,1.3,0.047,23,92,0.99232,3.2,0.45,10,6
7.9,0.2,0.39,1,0.041,37,154,0.99093,3.08,0.43,11.9,5
6.2,0.28,0.57,1,0.043,50,92,0.99004,3.17,0.36,11.5,6
6.7,0.23,0.33,8.1,0.048,45,176,0.99472,3.11,0.52,10.1,6
6.7,0.21,0.42,9.1,0.049,31,150,0.9953,3.12,0.74,9.9,7
6.9,0.27,0.4,14,0.05,64,227,0.9979,3.18,0.58,9.6,6
8.1,0.27,0.41,1.45,0.033,11,63,0.9908,2.99,0.56,12,5
6.3,0.25,0.44,1.7,0.024,36,116,0.98935,3.18,0.4,12.5,6
6.9,0.15,0.28,4.4,0.029,14,107,0.99347,3.24,0.46,10.4,8
6,0.44,0.26,3.1,0.053,57,128,0.98982,3.22,0.39,12.7,6
7.7,0.28,0.29,6.9,0.041,29,163,0.9952,3.44,0.6,10.5,6
6.9,0.25,0.24,3.6,0.057,13,85,0.9942,2.99,0.48,9.5,4
8.3,0.28,0.4,7.8,0.041,38,194,0.9976,3.34,0.51,9.6,6
6.1,0.31,0.58,5,0.039,36,114,0.9909,3.3,0.6,12.3,8
5.6,0.18,0.31,1.5,0.038,16,84,0.9924,3.34,0.58,10.1,6
6.4,0.29,0.28,11.1,0.063,66,169,0.9973,2.89,0.57,9,5
5.7,0.22,0.25,1.1,0.05,97,175,0.99099,3.44,0.62,11.1,6
6.6,0.25,0.25,1.3,0.04,28,85,0.98984,2.87,0.48,11.2,6
6.9,0.23,0.24,14.2,0.053,19,94,0.9982,3.17,0.5,9.6,5
7.7,0.18,0.35,5.8,0.055,25,144,0.99576,3.24,0.54,10.2,6
7.1,0.145,0.33,4.6,0.05,33,131,0.9942,3.28,0.4,9.6,6
6,0.38,0.26,6,0.034,42,134,0.9912,3.38,0.38,12.3,7
6.9,0.41,0.33,10.1,0.043,28,152,0.9968,3.2,0.52,9.4,5
7.4,0.24,0.42,14,0.066,48,198,0.9979,2.89,0.42,8.9,6
6.2,0.25,0.28,8.5,0.035,28,108,0.99486,3.4,0.42,10.4,6
9,0.55,0.3,8.1,0.026,14,71,0.993,2.94,0.36,11.8,5
8.4,0.17,0.31,6.7,0.038,29,132,0.9945,3.1,0.32,10.6,7
5.6,0.26,0.26,5.7,0.031,12,80,0.9923,3.25,0.38,10.8,5
6.9,0.19,0.33,1.6,0.043,63,149,0.9925,3.44,0.52,10.8,5
8,0.23,0.41,1.1,0.048,35,150,0.99168,3.09,0.47,11.2,5
6,0.27,0.15,1.5,0.056,35,128,0.9936,3.12,0.45,8.8,5
6.7,0.29,0.49,4.7,0.034,35,156,0.9945,3.13,0.45,9.9,6
5.9,0.26,0.21,12.5,0.034,36,152,0.9972,3.28,0.43,9.5,6
7.4,0.34,0.42,1.1,0.033,17,171,0.9917,3.12,0.53,11.3,6
6.5,0.39,0.23,5.4,0.051,25,149,0.9934,3.24,0.35,10,5
6.8,0.3,0.22,6.2,0.06,41,190,0.99858,3.18,0.51,9.2,5
7.9,0.35,0.28,12.9,0.032,13,63,0.9932,2.99,0.43,13,6
6.6,0.24,0.28,6.7,0.032,26,91,0.99172,3.13,0.32,12.3,6
8,0.28,0.3,8.4,0.03,35,115,0.99192,2.93,0.42,12.3,6
8,0.25,0.49,1.2,0.061,27,117,0.9938,3.08,0.34,9.4,5
7.1,0.19,0.28,3.6,0.033,16,78,0.993,2.91,0.78,11.4,6
7.3,0.28,0.37,1.2,0.039,26,99,0.99198,3.01,0.62,10.8,5
6.8,0.18,0.37,1.6,0.055,47,154,0.9934,3.08,0.45,9.1,5
7.6,0.33,0.36,2.1,0.034,26,172,0.9944,3.42,0.48,10.5,4
7.5,0.24,0.62,10.6,0.045,51,153,0.99779,3.16,0.44,8.8,5
7.9,0.16,0.64,17,0.05,69,210,1.0004,3.15,0.51,9.3,7
8.3,0.25,0.49,16.8,0.048,50,228,1.0001,3.03,0.52,9.2,6
9.4,0.28,0.3,1.6,0.045,36,139,0.99534,3.11,0.49,9.3,5
8.2,0.15,0.48,2.7,0.052,24,190,0.995,3.5,0.45,10.9,7
7.4,0.25,0.49,1.1,0.042,35,156,0.9917,3.13,0.55,11.3,5
8.3,0.24,0.27,2.1,0.03,22,162,0.9914,2.99,0.68,11.9,6
6.7,0.25,0.33,2.9,0.057,52,173,0.9934,3.02,0.48,9.5,7
5.9,0.26,0.24,2.4,0.046,27,132,0.99234,3.63,0.73,11.3,5
6.6,0.38,0.18,1.2,0.042,20,84,0.9927,3.22,0.45,10.1,4
5.6,0.35,0.37,1,0.038,6,72,0.9902,3.37,0.34,11.4,5
8.8,0.23,0.35,10.7,0.04,26,183,0.9984,2.93,0.49,9.1,6
7.2,0.28,0.3,10.7,0.044,61,222,0.9972,3.14,0.5,9.1,6
6.8,0.25,0.37,3.1,0.026,29,93,0.99035,3.14,0.45,12.2,6
6,0.26,0.29,1,0.032,27,96,0.9896,3.38,0.44,12.3,6
6.7,0.21,0.48,14.8,0.05,31,195,0.99942,2.95,0.75,8.8,6
6.4,0.17,0.27,6.7,0.036,88,223,0.9948,3.28,0.35,10.2,6
6.7,0.42,0.46,9.7,0.054,67,234,0.99848,3.23,0.5,9,5
6.8,0.35,0.32,2.4,0.048,35,103,0.9911,3.28,0.46,12,8
7,0.21,0.42,5.3,0.037,36,123,0.99321,3.14,0.52,10.9,6
6.9,0.21,0.49,1.4,0.041,15,164,0.9927,3.25,0.63,11,5
5.6,0.25,0.19,2.4,0.049,42,166,0.992,3.25,0.43,10.4,6
6.7,0.37,0.41,6.3,0.061,22,149,0.9953,3.16,0.47,9.6,6
6.4,0.16,0.44,1.2,0.051,39,122,0.99058,3.11,0.75,11.3,7
8,0.66,0.72,17.55,0.042,62,233,0.9999,2.92,0.68,9.4,4
6.2,0.355,0.35,2,0.046,31,95,0.98822,3.06,0.46,13.6,6
6.2,0.53,0.02,0.9,0.035,6,81,0.99234,3.24,0.35,9.5,4
7.5,0.2,0.41,1.2,0.05,26,131,0.99133,3.19,0.52,11.1,5
6.2,0.2,0.26,1.7,0.093,40,161,0.9924,3.44,0.66,11,5
6.9,0.45,0.27,4.7,0.035,17,80,0.99058,3.12,0.36,12.5,7
8,0.23,0.35,9.2,0.044,53,186,0.997,3.09,0.56,9.5,7
7.4,0.28,0.42,19.8,0.066,53,195,1,2.96,0.44,9.1,5
6.5,0.22,0.25,17.1,0.05,44,138,1.0001,3.3,0.37,8.8,5
5.7,0.2,0.3,2.5,0.046,38,125,0.99276,3.34,0.5,9.9,6
7.5,0.35,0.37,2.5,0.066,29,89,0.98964,3.14,0.42,12.7,6
6.8,0.23,0.29,12.2,0.035,38,236,0.9976,3.35,0.52,9.8,6
6.4,0.21,0.34,16.05,0.04,56,142,0.99678,3.11,0.38,10.6,5
6.8,0.33,0.44,7,0.05,29,155,0.9955,3.14,0.42,9.5,5
6.1,0.28,0.23,4.2,0.038,13,95,0.98898,2.97,0.7,13.1,6
8.9,0.34,0.34,1.6,0.056,13,176,0.9946,3.14,0.47,9.7,5
6.4,0.21,0.5,11.6,0.042,45,153,0.9972,3.15,0.43,8.8,5
6.1,0.2,0.4,1.9,0.028,32,138,0.9914,3.26,0.72,11.7,5
6.4,0.1,0.35,4.9,0.048,31,103,0.9947,3.43,0.79,9.7,6
6.6,0.45,0.43,7.2,0.064,31,186,0.9954,3.12,0.44,9.4,5
6.5,0.38,0.26,5.2,0.042,33,112,0.99067,3.06,0.5,12.3,7
10.3,0.17,0.47,1.4,0.037,5,33,0.9939,2.89,0.28,9.6,3
6.8,0.25,0.28,5,0.035,42,126,0.99048,3.12,0.38,12.6,7
6.8,0.16,0.36,1.3,0.034,32,98,0.99058,3.02,0.58,11.3,6
7.3,0.19,0.27,13.9,0.057,45,155,0.99807,2.94,0.41,8.8,8
6,0.33,0.18,3,0.036,5,85,0.99125,3.28,0.4,11.5,4
6.7,0.27,0.69,1.2,0.176,36,106,0.99288,2.96,0.43,9.2,6
7.6,0.21,0.35,1.2,0.041,7,106,0.9914,3.06,0.45,11.3,4
7.5,0.18,0.72,9.6,0.039,53,151,0.99802,3.03,0.46,8.9,5
6.6,0.16,0.34,1.1,0.037,41,115,0.9899,3.01,0.68,12,6
6.7,0.34,0.26,1.9,0.038,58,138,0.9893,3,0.47,12.2,7
7.3,0.33,0.22,1.4,0.041,40,177,0.99287,3.14,0.48,9.9,5
7,0.21,0.34,8.5,0.033,31,253,0.9953,3.22,0.56,10.5,6
7.6,0.2,0.31,1.4,0.047,41,142,0.9934,3.43,0.53,10.1,6
7.6,0.36,0.48,13.5,0.038,44,116,0.9982,3.04,0.48,9.2,5
6.6,0.56,0.15,10,0.037,38,157,0.99642,3.28,0.52,9.4,5
7.9,0.22,0.38,8,0.043,46,152,0.9934,3.12,0.32,11.5,7
5.2,0.37,0.33,1.2,0.028,13,81,0.9902,3.37,0.38,11.7,6
7.9,0.16,0.3,7.4,0.05,58,152,0.99612,3.12,0.37,9.5,6
7.2,0.6,0.2,9.9,0.07,21,174,0.9971,3.03,0.54,9.1,5
6,0.17,0.21,6,0.05,26,134,0.9939,3.08,0.54,9.8,6
7.6,0.31,0.52,13.2,0.042,61,148,0.99839,2.98,0.47,9.1,6
7.7,0.31,0.26,7.8,0.031,23,90,0.9944,3.13,0.5,10.4,5
6.6,0.41,0.31,1.6,0.042,18,101,0.99195,3.13,0.41,10.5,5
6.4,0.26,0.3,2.2,0.025,33,134,0.992,3.21,0.47,10.6,6
6.2,0.32,0.16,7,0.045,30,136,0.9949,3.18,0.47,9.6,6
7.3,0.24,0.34,7.5,0.048,29,152,0.9962,3.1,0.54,9,5
4.9,0.335,0.14,1.3,0.036,69,168,0.99212,3.47,0.46,10.4666666667,5
5,0.24,0.21,2.2,0.039,31,100,0.99098,3.69,0.62,11.7,6
6.7,0.21,0.32,5.4,0.047,29,140,0.995,3.39,0.46,9.7,6
7.8,0.26,0.44,1.3,0.037,43,132,0.9944,3.18,0.65,10,5
7.5,0.38,0.33,5,0.045,30,131,0.9942,3.32,0.44,10.9,6
6.2,0.17,0.3,1.1,0.037,14,79,0.993,3.5,0.54,10.3,6
6.6,0.28,0.09,10.9,0.051,37,131,0.99566,2.93,0.62,9.5,6
6.5,0.24,0.24,1.6,0.046,15,60,0.9928,3.19,0.39,9.8,5
7.5,0.18,0.39,1.9,0.054,23,91,0.9941,3.27,0.45,10.3,6
7,0.22,0.33,2.1,0.052,15,76,0.993,3.2,0.41,10.6,6
6.3,0.28,0.3,3.1,0.039,24,115,0.9942,3.05,0.43,8.6,5
6.6,0.285,0.49,11.4,0.035,57,137,0.99732,3.08,0.54,8.9,6
7.2,0.24,0.36,2,0.029,21,63,0.99076,3.13,0.63,12.5,6
6.2,0.18,0.38,1.5,0.028,36,117,0.993,3.47,0.54,9.7,6
7.1,0.18,0.26,1.3,0.041,20,71,0.9926,3.04,0.74,9.9,6
6.8,0.57,0.29,2.2,0.04,15,77,0.9938,3.32,0.74,10.2,5
6,0.2,0.24,1.8,0.03,30,105,0.9909,3.31,0.47,11.5,6
8.1,0.24,0.38,4.3,0.044,49,172,0.996,3.37,0.74,10.8,6
6.1,0.3,0.3,2.1,0.031,50,163,0.9895,3.39,0.43,12.7,7
7.4,0.27,0.31,2.4,0.014,15,143,0.99094,3.03,0.65,12,4
8,0.18,0.37,1.3,0.04,15,96,0.9912,3.06,0.61,12.1,6
8.5,0.17,0.74,3.6,0.05,29,128,0.9928,3.28,0.4,12.4,6
6.7,0.11,0.26,14.8,0.053,44,95,0.99676,3.2,0.35,9.8,6
7.4,0.38,0.27,7.5,0.041,24,160,0.99535,3.17,0.43,10,5
6.3,0.29,0.29,3.3,0.037,32,140,0.9895,3.17,0.36,12.8,7
6.6,0.36,0.21,1.5,0.049,39,184,0.9928,3.18,0.41,9.9,6
7.7,0.29,0.29,4.8,0.06,27,156,0.99572,3.49,0.59,10.3,6
7,0.15,0.28,14.7,0.051,29,149,0.99792,2.96,0.39,9,7
7.6,0.48,0.37,1.2,0.034,5,57,0.99256,3.05,0.54,10.4,3
5.6,0.23,0.29,3.1,0.023,19,89,0.99068,3.25,0.51,11.2,6
7.8,0.29,0.36,7,0.042,38,161,0.9941,3.26,0.37,11.2,8
10.7,0.22,0.56,8.2,0.044,37,181,0.998,2.87,0.68,9.5,6
6.3,0.27,0.23,2.9,0.047,13,100,0.9936,3.28,0.43,9.8,5
6.6,0.21,0.3,9.9,0.041,64,174,0.995,3.07,0.5,10.1,6
6.8,0.43,0.3,3.5,0.033,27,135,0.9906,3,0.37,12,6
6.4,0.34,0.2,14.9,0.06,37,162,0.9983,3.13,0.45,9,4
6.5,0.46,0.31,5,0.027,15,72,0.99165,3.26,0.6,11.5,7
6.9,0.31,0.34,7.4,0.059,36,174,0.9963,3.46,0.62,11.1,7
8.5,0.19,0.48,1.1,0.026,23,58,0.99184,2.9,0.5,10.5,6
7.7,0.35,0.46,11.8,0.088,61,183,0.99786,2.86,0.47,9,5
6.6,0.34,0.27,6.2,0.059,23,136,0.9957,3.3,0.49,10.1,6
5.7,0.25,0.26,12.5,0.049,52.5,120,0.99691,3.08,0.45,9.4,6
6.6,0.38,0.28,2.8,0.043,17,67,0.98924,3.21,0.47,13.2,6
6.3,0.23,0.3,1.8,0.033,16,91,0.9906,3.28,0.4,11.8,6
5.3,0.33,0.3,1.2,0.048,25,119,0.99045,3.32,0.62,11.3,6
7.1,0.36,0.2,1.6,0.271,24,140,0.99356,3.11,0.63,9.8,5
5.4,0.5,0.13,5,0.028,12,107,0.99079,3.48,0.88,13.5,7
6.7,0.18,0.25,14.3,0.048,79,149,0.9975,3.12,0.37,9.7,5
7.4,0.38,0.34,8.3,0.052,44,168,0.99627,3.11,0.52,9.2,5
6.7,0.33,0.42,6.4,0.058,27,151,0.9954,3.16,0.44,9.6,5
8,0.37,0.32,1.6,0.04,32,166,0.992,3,0.55,11.3,7
6.5,0.33,0.72,1.1,0.061,7,151,0.993,3.09,0.57,9.5,4
8.2,0.38,0.49,13.6,0.042,58,166,0.99855,3.1,0.54,9.4,5
6,0.17,0.33,6,0.036,30,111,0.99362,3.32,0.58,10.15,7
7.2,0.21,0.34,1.1,0.046,25,80,0.992,3.25,0.4,11.3,6
6.6,0.4,0.3,5.3,0.038,20,125,0.99204,3.36,0.73,12.6,6
7.6,0.27,0.52,3.2,0.043,28,152,0.99129,3.02,0.53,11.4,6
6.1,0.23,0.45,10.6,0.094,49,169,0.99699,3.05,0.54,8.8,5
7.3,0.22,0.49,9.4,0.034,29,134,0.9939,2.99,0.32,11,7
7,0.23,0.42,1.1,0.062,35,100,0.99318,3.04,0.4,9.2,5
7,0.19,0.23,5.7,0.123,27,104,0.9954,3.04,0.54,9.4,6
6.6,0.37,0.07,1.4,0.048,58,144,0.9922,3.17,0.38,10,5
5.4,0.46,0.15,2.1,0.026,29,130,0.98953,3.39,0.77,13.4,8
7,0.25,0.33,2.1,0.021,17,76,0.99021,3.26,0.45,12.3,6
7.8,0.23,0.28,4.75,0.042,45,166,0.9928,2.96,0.4,11.5,5
8.9,0.3,0.35,4.6,0.032,32,148,0.99458,3.15,0.45,11.5,7
7.1,0.28,0.31,1.5,0.053,20,98,0.99069,3.15,0.5,11.4,5
6.9,0.3,0.49,7.6,0.057,25,156,0.9962,3.43,0.63,11,7
6.1,0.26,0.28,1.7,0.043,24,98,0.98918,3.14,0.44,12.5,6
6.3,0.695,0.55,12.9,0.056,58,252,0.99806,3.29,0.49,8.7,5
7,0.22,0.29,8.9,0.05,24,90,0.99556,3.29,0.46,9.8,6
9,0.22,0.49,10.4,0.048,52,195,0.9987,3.31,0.44,10.2,6
9.8,0.31,0.49,15.4,0.046,13,119,1.0004,3.18,0.45,9.5,5
7.5,0.305,0.4,18.9,0.059,44,170,1,2.99,0.46,9,5
6,0.33,0.27,0.8,0.185,12,188,0.9924,3.12,0.62,9.4,5
6.4,0.23,0.37,7.9,0.05,60,150,0.99488,2.86,0.49,9.3,6
7.3,0.145,0.33,1.1,0.042,14,64,0.99012,3.1,0.37,11.8,7
7.9,0.64,0.46,10.6,0.244,33,227,0.9983,2.87,0.74,9.1,3
8.5,0.24,0.47,15.2,0.057,40,234,1.0005,3.02,0.66,9,5
7,0.32,0.31,6.4,0.031,38,115,0.99235,3.38,0.58,12.2,7
5.8,0.13,0.26,5.1,0.039,19,103,0.99478,3.36,0.47,9.3,6
6.2,0.21,0.26,13.1,0.05,59,150,0.99772,3.31,0.46,9,5
7,0.24,0.3,6.7,0.039,37,125,0.99436,3.2,0.39,9.9,5
7.4,0.18,0.4,1.6,0.047,22,102,0.9937,3.28,0.44,10.7,5
8.1,0.2,0.4,2,0.037,19,87,0.9921,3.12,0.54,11.2,6
8,0.55,0.17,8.2,0.04,13,60,0.9956,3.09,0.3,9.5,4
5.8,0.36,0.26,3.3,0.038,40,153,0.9911,3.34,0.55,11.3,6
7.6,0.23,0.34,1.6,0.043,24,129,0.99305,3.12,0.7,10.4,5
7.2,0.55,0.09,1.5,0.108,16,151,0.9938,3.07,0.57,9.2,4
6.5,0.21,0.35,5.7,0.043,47,197,0.99392,3.24,0.5,10.1,6
6.6,0.3,0.45,8,0.038,54,200,0.9956,3.18,0.48,9.5,5
6.6,0.16,0.25,9.8,0.049,59.5,137,0.995,3.16,0.38,10,6
6.4,0.23,0.27,2.1,0.042,35,100,0.99094,3.03,0.63,10.9,6
6.6,0.3,0.24,1.2,0.034,17,121,0.9933,3.13,0.36,9.2,5
6.7,0.28,0.34,8.9,0.048,32,111,0.99455,3.25,0.54,11,7
6.9,0.15,0.29,2.3,0.033,14,82,0.99132,3.1,0.58,11.2,7
8.5,0.19,0.56,17.3,0.055,47,169,1.00047,3.07,0.67,9.3,6
8.7,0.31,0.21,5.6,0.039,28,67,0.99328,2.96,0.52,11,4
7.3,0.28,0.36,12.7,0.04,38,140,0.998,3.3,0.79,9.6,6
6.7,0.24,0.31,2.3,0.044,37,113,0.99013,3.29,0.46,12.9,6
6.5,0.28,0.35,9.8,0.067,61,180,0.9972,3.15,0.57,9,4
6.8,0.32,0.3,3.3,0.029,15,80,0.99061,3.33,0.63,12.6,7
6.3,0.26,0.42,7.1,0.045,62,209,0.99544,3.2,0.53,9.5,6
5.6,0.185,0.49,1.1,0.03,28,117,0.9918,3.55,0.45,10.3,6
7.8,0.25,0.28,7.2,0.04,46,179,0.99541,3.14,0.6,10.1,6
6,0.26,0.26,2.2,0.035,10,72,0.989465,3.11,0.48,12.15,6
7.1,0.29,0.3,16,0.036,58,201,0.99954,3.3,0.67,9,5
6.3,0.27,0.51,7.6,0.049,35,200,0.99548,3.16,0.54,9.4,4
6.1,0.37,0.36,4.7,0.035,36,116,0.991,3.31,0.62,12.6,6
7.6,0.2,0.36,1.9,0.043,24,111,0.99237,3.29,0.54,11.3,6
6.6,0.22,0.29,14.4,0.046,39,118,0.99834,3.05,0.5,9.1,6
9.2,0.22,0.4,2.4,0.054,18,151,0.9952,3.04,0.46,9.3,4
6.8,0.31,0.09,1.4,0.04,56,145,0.9922,3.19,0.46,10,5
6.4,0.29,0.32,2.4,0.014,34,89,0.99008,3.24,0.66,12.5,7
6.8,0.15,0.33,4.7,0.059,31,118,0.9956,3.43,0.39,9,7
7.2,0.23,0.33,12.7,0.049,50,183,0.9987,3.41,0.4,9.8,5
6.3,0.27,0.38,0.9,0.051,7,140,0.9926,3.45,0.5,10.5,7
6.4,0.28,0.43,7.1,0.045,60,221,0.9952,3.09,0.45,9.4,6
6.8,0.22,0.35,17.5,0.039,38,153,0.9994,3.24,0.42,9,6
7.2,0.26,0.26,12.7,0.036,49,214,0.9986,3.41,0.5,10,6
6.2,0.33,0.29,1.3,0.042,26,138,0.9956,3.77,0.64,9.5,5
6.7,0.32,0.32,1.7,0.031,31,114,0.98946,3.12,0.35,12.5,6
6.6,0.23,0.32,1.7,0.024,26,102,0.99084,3.29,0.6,11.8,6
6.6,0.36,0.29,1.6,0.021,24,85,0.98965,3.41,0.61,12.4,9
7,0.17,0.74,12.8,0.045,24,126,0.9942,3.26,0.38,12.2,8
3.9,0.225,0.4,4.2,0.03,29,118,0.989,3.57,0.36,12.8,8
6.6,0.29,0.44,9,0.053,62,178,0.99685,3.02,0.45,8.9,5
8.1,0.17,0.44,14.1,0.053,43,145,1.0006,3.28,0.75,8.8,8
7.2,0.18,0.45,4.4,0.046,57,166,0.9943,3.13,0.62,11.2,6
6.9,0.24,0.33,1.7,0.035,47,136,0.99,3.26,0.4,12.6,7
5.8,0.61,0.01,8.4,0.041,31,104,0.9909,3.26,0.72,14.05,7
6.1,0.36,0.27,2.1,0.035,16,100,0.9917,3.4,0.71,11.5,7
5.7,0.18,0.22,4.2,0.042,25,111,0.994,3.35,0.39,9.4,5
6.4,0.26,0.49,6.4,0.037,37,161,0.9954,3.38,0.53,9.7,6
6.1,0.4,0.18,9,0.051,28.5,259,0.9964,3.19,0.5,8.8,5
6.9,0.35,0.39,2.4,0.048,25,157,0.99133,3.2,0.54,11.1,7
6,0.38,0.26,3.5,0.035,38,111,0.98872,3.18,0.47,13.6,7
6.2,0.3,0.17,2.8,0.04,24,125,0.9939,3.01,0.46,9,5
6.4,0.18,0.28,17.05,0.047,53,139,0.99724,3.25,0.35,10.5,6
8.1,0.3,0.31,1.1,0.041,49,123,0.9914,2.99,0.45,11.1,6
6.6,0.28,0.41,7,0.046,59,194,0.99558,3.14,0.48,9.4,5
7.5,0.22,0.32,2.4,0.045,29,100,0.99135,3.08,0.6,11.3,7
6.3,0.22,0.3,2,0.05,23,120,0.99204,3.24,0.47,10.4,6
7,0.27,0.74,1.5,0.036,27,122,0.9926,3.35,0.48,11.2,6
6.5,0.35,0.31,10.2,0.069,58,170,0.99692,3.18,0.49,9.4,5
5.6,0.46,0.24,4.8,0.042,24,72,0.9908,3.29,0.37,12.6,6
7.5,0.24,0.31,13.1,0.05,26,180,0.99884,3.05,0.53,9.1,6
5.9,0.26,0.27,18.2,0.048,52,168,0.9993,3.35,0.44,9.4,5
7.9,0.44,0.37,5.85,0.033,27,93,0.992,3.16,0.54,12.6,7
6.2,0.3,0.32,1.3,0.054,27,183,0.99266,3.3,0.43,10.1,5
5.2,0.185,0.22,1,0.03,47,123,0.99218,3.55,0.44,10.15,6
7.3,0.22,0.3,8.2,0.047,42,207,0.9966,3.33,0.46,9.5,6
6.3,0.18,0.22,5.6,0.047,45,147,0.99383,3.09,0.54,10,5
6.4,0.29,0.3,6.5,0.209,62,156,0.99478,3.1,0.4,9.4,5
